,FIPS,predicted_yield(t/ha),end_of_season_NASS_yield(t/ha),predicted_yield(bu/acre),end_of_season_NASS_yield(bu/acre),model_uncertainty,prediction_error(bu/acre)
0,17001,4.112015,4.11876,61.099773,61.2,0.18515141,-0.100227356
1,17003,3.2515807,3.45249,48.31472,51.300003,0.2193194,-2.985283
2,17005,4.1928167,3.94378,62.3004,58.6,0.16691838,3.7004013
3,17007,4.075968,4.18606,60.56416,62.2,0.14159171,-1.6358414
4,17009,4.1125298,4.33412,61.107426,64.399994,0.20844199,-3.2925682
5,17011,4.489077,4.54275,66.702484,67.5,0.15051337,-0.79751587
6,17013,4.0371857,3.88994,59.9879,57.8,0.20186484,2.1879005
7,17015,4.3107076,4.63697,64.05212,68.9,0.13718534,-4.847885
8,17017,4.546884,4.34758,67.561424,64.6,0.20240939,2.9614258
9,17019,4.4756293,4.67062,66.50266,69.4,0.16877137,-2.8973389
10,17021,4.868617,4.67735,72.34201,69.5,0.16548842,2.8420105
11,17023,4.134859,4.12549,61.439213,61.300003,0.17579822,0.13920975
12,17025,3.7170343,3.85629,55.230824,57.300003,0.18287118,-2.0691795
13,17027,4.086043,3.67458,60.713863,54.600002,0.17947583,6.113861
14,17033,4.024078,4.15914,59.793133,61.800003,0.17906117,-2.0068703
15,17035,4.161315,4.52256,61.832317,67.200005,0.16765971,-5.367687
16,17037,4.1674285,4.36777,61.923157,64.9,0.12673578,-2.9768448
17,17039,4.6529584,4.5764,69.13757,68.0,0.16899148,1.1375732
18,17041,4.463844,4.6437,66.327545,69.0,0.1588475,-2.6724548
19,17045,4.491086,4.56967,66.73233,67.9,0.16665383,-1.1676712
20,17047,3.8843107,3.60055,57.716354,53.5,0.18735942,4.2163544
21,17049,4.2358737,4.03127,62.940174,59.9,0.15368515,3.0401726
22,17053,4.325491,4.48891,64.27178,66.700005,0.16422191,-2.4282227
23,17055,3.4219937,3.1631,50.846863,47.0,0.19587772,3.8468628
24,17057,4.2494164,4.20625,63.141403,62.500004,0.19329439,0.6413994
25,17059,3.8732233,3.72169,57.55161,55.3,0.19131078,2.2516098
26,17061,4.4249496,4.48218,65.749626,66.600006,0.16750827,-0.85037994
27,17063,4.231267,4.24663,62.871723,63.100002,0.13846385,-0.22827911
28,17065,3.8024607,3.37846,56.50016,50.2,0.20408651,6.3001595
29,17067,4.3353815,4.54948,64.41875,67.6,0.2095489,-3.1812515
30,17071,4.436011,4.52256,65.91398,67.200005,0.18188997,-1.286026
31,17073,4.368335,4.49564,64.908394,66.799995,0.15031315,-1.8916016
32,17075,4.2873836,4.29374,63.70555,63.8,0.14776899,-0.09444809
33,17077,3.527227,3.43903,52.410503,51.1,0.21543345,1.3105049
34,17079,4.0435886,3.75534,60.083042,55.800003,0.16874255,4.283039
35,17081,3.472546,3.23713,51.59801,48.1,0.2181674,3.4980125
36,17083,4.2367015,4.25336,62.952473,63.199997,0.18745281,-0.24752426
37,17085,3.9981198,4.21298,59.40743,62.6,0.1495188,-3.1925697
38,17087,3.109663,3.03523,46.20599,45.1,0.27231568,1.1059914
39,17089,4.024125,4.33412,59.793835,64.399994,0.14420795,-4.606159
40,17091,4.04875,4.01781,60.159733,59.699997,0.14411615,0.45973587
41,17095,4.4482136,4.5091,66.0953,67.0,0.15874915,-0.90470123
42,17097,3.3469,3.85629,49.731056,57.300003,0.2081911,-7.568947
43,17099,4.3796425,4.42161,65.07641,65.7,0.13195756,-0.62358856
44,17101,3.9685173,3.9034,58.967567,58.0,0.19023088,0.96756744
45,17103,4.2994885,4.49564,63.885418,66.799995,0.135092,-2.9145775
46,17105,4.4514847,4.27355,66.143906,63.5,0.15365417,2.6439056
47,17107,4.772432,4.83214,70.9128,71.8,0.17113024,-0.8871994
48,17109,4.4281497,4.46199,65.79717,66.299995,0.18959616,-0.5028229
49,17113,4.590259,4.63024,68.20593,68.8,0.16678561,-0.59407043
50,17115,4.734195,4.96674,70.34466,73.8,0.14739296,-3.4553452
51,17117,4.488263,4.38123,66.69039,65.1,0.1625869,1.5903931
52,17119,4.214999,4.01108,62.630005,59.6,0.19261378,3.0300064
53,17121,3.87532,3.65439,57.582764,54.300003,0.19223303,3.2827606
54,17123,4.511481,4.31393,67.03538,64.1,0.15612061,2.935379
55,17125,4.3747296,4.21298,65.00341,62.6,0.2330915,2.4034119
56,17127,3.4094,3.365,50.659733,50.0,0.21619801,0.6597328
57,17129,4.75509,4.56967,70.65513,67.9,0.18216051,2.755127
58,17131,4.3793902,4.3745,65.07266,65.0,0.17358495,0.07266235
59,17133,3.700914,3.57363,54.99129,53.100002,0.23912552,1.8912888
60,17135,4.5526347,4.61678,67.64687,68.6,0.15268493,-0.953125
61,17137,4.759956,4.711,70.727425,70.0,0.19437082,0.7274246
62,17139,4.555917,4.42161,67.69564,65.7,0.1599784,1.9956436
63,17141,4.233212,4.54948,62.900623,67.6,0.13106917,-4.699375
64,17143,4.497809,4.3072,66.83223,64.0,0.17473808,2.8322296
65,17145,3.3517566,2.92082,49.80322,43.4,0.19719152,6.4032173
66,17147,4.6574483,4.99366,69.204285,74.2,0.16901018,-4.9957123
67,17153,3.5833192,3.60055,53.24397,53.5,0.20029764,-0.25603104
68,17155,4.352495,4.34758,64.673035,64.6,0.15716274,0.073036194
69,17157,3.5993342,3.38519,53.481937,50.3,0.2014998,3.1819382
70,17159,3.9471908,3.77553,58.65068,56.100002,0.18120559,2.5506783
71,17161,4.2797527,4.46199,63.592167,66.299995,0.16034827,-2.7078285
72,17163,3.9544363,3.60728,58.758343,53.600002,0.19885784,5.1583405
73,17165,3.741911,3.55344,55.60046,52.800003,0.2286513,2.800457
74,17167,4.9131403,4.89271,73.00357,72.700005,0.17693774,0.30356598
75,17169,4.162367,4.24663,61.84795,63.100002,0.21439368,-1.2520523
76,17171,4.352334,4.85233,64.67064,72.100006,0.20954573,-7.429367
77,17173,4.540322,4.51583,67.46392,67.1,0.1648632,0.36392212
78,17175,4.611681,4.76484,68.52424,70.8,0.15707065,-2.2757645
79,17177,4.1156282,4.19279,61.153465,62.3,0.1406677,-1.146534
80,17179,4.556714,4.7783,67.70749,71.0,0.17620869,-3.292511
81,17181,3.3682723,3.2304,50.048622,48.0,0.25355417,2.0486221
82,17183,4.3694067,4.54948,64.92432,67.6,0.17349407,-2.675682
83,17185,4.140698,3.91013,61.525974,58.100002,0.19760081,3.425972
84,17187,4.564743,4.34085,67.82679,64.5,0.16212909,3.3267899
85,17189,3.8835201,3.39865,57.70461,50.5,0.17848843,7.204609
86,17191,3.834847,3.79572,56.98138,56.4,0.20237297,0.58137894
87,17193,3.92627,3.66785,58.33982,54.5,0.20151515,3.8398209
88,17195,4.270944,4.46872,63.46128,66.4,0.15479667,-2.9387207
89,17197,3.9373937,3.84956,58.505108,57.2,0.16976319,1.3051071
90,17199,3.3706155,3.08907,50.08344,45.9,0.23645246,4.1834373
91,17201,3.9804616,4.22644,59.145046,62.8,0.15311357,-3.654953
92,17203,4.5825944,4.65043,68.09204,69.100006,0.15647401,-1.0079651
93,18001,3.8002396,3.71496,56.467155,55.2,0.1615759,1.2671547
94,18003,3.8173108,3.68131,56.720814,54.7,0.1761755,2.020813
95,18005,4.1147146,3.85629,61.139893,57.300003,0.21435902,3.8398895
96,18007,4.455804,4.13222,66.208084,61.399998,0.16401035,4.8080864
97,18009,3.932372,3.77553,58.430492,56.100002,0.16302039,2.33049
98,18011,4.0365157,4.19952,59.977947,62.4,0.15345599,-2.4220543
99,18013,3.3735418,3.62074,50.126923,53.8,0.37878886,-3.6730766
100,18017,4.008576,3.84283,59.562794,57.1,0.15388878,2.4627953
101,18019,3.7090268,3.53998,55.11184,52.6,0.24349394,2.5118408
102,18021,3.8929772,3.91013,57.84513,58.100002,0.16807579,-0.25487137
103,18023,4.1297,4.1053,61.36256,61.0,0.15706693,0.36256027
104,18027,3.9114327,3.94378,58.119358,58.6,0.18609017,-0.4806404
105,18029,3.5097766,3.19002,52.151215,47.4,0.24591242,4.751213
106,18031,4.309654,4.59659,64.03647,68.3,0.17584243,-4.2635345
107,18033,3.6687307,3.64766,54.51309,54.2,0.17829336,0.31308746
108,18035,3.8875728,3.89667,57.764828,57.9,0.16521053,-0.1351738
109,18037,3.9943442,3.93032,59.351326,58.4,0.20301823,0.95132446
110,18039,3.835929,3.94378,56.99746,58.6,0.17118873,-1.6025391
111,18041,3.9373813,3.85629,58.50492,57.300003,0.17842108,1.2049179
112,18047,3.9318323,3.8361,58.42247,57.000004,0.18921623,1.4224663
113,18051,3.9509754,4.1726,58.706917,61.999996,0.18922727,-3.2930794
114,18053,4.01986,3.78899,59.730457,56.3,0.15227732,3.430458
115,18055,3.6718502,3.51979,54.55944,52.3,0.20506743,2.2594414
116,18057,3.7476401,4.01781,55.68559,59.699997,0.18606952,-4.014408
117,18059,3.8227825,3.78226,56.802116,56.2,0.18788166,0.60211563
118,18061,3.653154,3.77553,54.281635,56.100002,0.23486964,-1.818367
119,18063,3.903646,4.02454,58.003654,59.8,0.17677982,-1.7963448
120,18065,3.9224377,3.75534,58.28288,55.800003,0.16738813,2.4828758
121,18067,4.150625,4.32066,61.67348,64.200005,0.15185946,-2.5265236
122,18069,4.0097427,3.86975,59.58013,57.5,0.16713315,2.0801315
123,18071,3.98739,3.99089,59.247993,59.3,0.20715815,-0.052005768
124,18073,4.0067863,3.67458,59.5362,54.600002,0.14846824,4.936199
125,18075,3.8040133,3.72169,56.523228,55.3,0.16583131,1.2232285
126,18077,3.6839962,3.32462,54.739914,49.4,0.20932944,5.3399124
127,18079,3.9028234,3.55344,57.991432,52.800003,0.18867262,5.191429
128,18081,4.0324306,4.18606,59.917248,62.2,0.19948465,-2.282753
129,18083,4.094966,3.86302,60.846447,57.4,0.17947923,3.4464455
130,18085,3.9142308,3.69477,58.160934,54.9,0.15535684,3.260933
131,18087,3.7783656,3.7688,56.142136,56.0,0.16323295,0.14213562
132,18089,3.799942,3.48614,56.462734,51.8,0.1704434,4.662735
133,18091,3.8012066,3.4996,56.481525,52.0,0.14877403,4.4815254
134,18093,3.52204,3.365,52.33343,50.0,0.25823867,2.3334312
135,18095,3.9791484,3.81591,59.125534,56.7,0.15941021,2.4255333
136,18097,3.1086874,3.88994,46.191494,57.8,0.26726288,-11.608505
137,18101,3.8186607,3.87648,56.740875,57.600002,0.23874135,-0.85912704
138,18103,3.8728232,3.84283,57.545666,57.1,0.15688562,0.44566727
139,18105,3.3564174,3.70823,49.872475,55.100002,0.31007478,-5.2275276
140,18107,4.163802,4.34085,61.869274,64.5,0.1567414,-2.6307259
141,18109,4.177334,3.99089,62.07034,59.3,0.18916564,2.77034
142,18111,4.1575303,3.99089,61.77608,59.3,0.14295463,2.4760818
143,18113,3.7211666,3.97743,55.292225,59.100002,0.16867235,-3.8077774
144,18115,3.69703,3.53998,54.933582,52.6,0.23580146,2.3335838
145,18117,4.1841273,4.2399,62.171284,63.000004,0.22674696,-0.8287201
146,18119,3.6792102,3.42557,54.6688,50.9,0.22581893,3.7687988
147,18121,3.936315,3.86302,58.48908,57.4,0.1817147,1.089077
148,18123,3.5969925,3.47268,53.44714,51.600002,0.2439552,1.8471375
149,18125,3.6893854,3.39192,54.819992,50.4,0.19973184,4.4199905
150,18127,3.8231878,3.68804,56.80814,54.8,0.1734118,2.0081406
151,18129,4.0850754,4.08511,60.699486,60.700005,0.18513276,-0.0005187988
152,18131,3.5708632,3.4323,53.05889,51.0,0.16259556,2.0588913
153,18133,4.0047107,4.05819,59.50536,60.3,0.1619076,-0.7946396
154,18135,3.984919,3.75534,59.21128,55.800003,0.14639635,3.4112778
155,18137,3.7184372,3.44576,55.251667,51.2,0.20536457,4.0516663
156,18139,4.178516,4.15914,62.087906,61.800003,0.16682145,0.28790283
157,18141,3.7918878,3.59382,56.34306,53.4,0.15572801,2.943058
158,18145,4.14351,4.28028,61.567757,63.600002,0.19525996,-2.0322456
159,18149,3.5317407,3.40538,52.477573,50.600002,0.15930246,1.8775711
160,18151,3.6312938,3.64766,53.956818,54.2,0.16866885,-0.24318314
161,18153,3.9524045,3.69477,58.72815,54.9,0.17334469,3.828148
162,18155,3.8214102,3.71496,56.781727,55.2,0.23424385,1.5817261
163,18157,4.0033126,3.93032,59.484585,58.4,0.16741608,1.0845833
164,18159,4.2541265,4.18606,63.21139,62.2,0.15509078,1.0113907
165,18161,4.188912,4.00435,62.24238,59.500004,0.16280648,2.7423744
166,18163,4.10844,3.97743,61.046658,59.100002,0.18003425,1.9466553
167,18167,3.735611,3.74861,55.50685,55.7,0.17721415,-0.19314957
168,18169,3.923544,3.94378,58.299316,58.6,0.15698472,-0.30068207
169,18171,4.3227105,4.35431,64.23047,64.700005,0.17804794,-0.46953583
170,18173,3.5700383,3.84956,53.04663,57.2,0.20682628,-4.15337
171,18175,3.8584504,3.68131,57.332104,54.7,0.22458684,2.632103
172,18177,3.9028654,3.76207,57.992058,55.9,0.18251845,2.0920563
173,18179,4.0212126,3.86302,59.75056,57.4,0.15718511,2.3505592
174,18181,4.061326,3.78226,60.3466,56.2,0.16251524,4.146599
175,18183,3.782689,3.67458,56.206375,54.600002,0.16138855,1.6063728
176,19001,3.4777074,3.19675,51.6747,47.5,0.2880773,4.1747017
177,19005,3.9254584,4.11876,58.327763,61.2,0.14749491,-2.8722382
178,19007,3.2925391,2.71892,48.923317,40.4,0.23394537,8.523315
179,19009,4.07968,3.89667,60.619316,57.9,0.24371117,2.7193146
180,19011,4.3135457,4.44853,64.09429,66.100006,0.14216112,-2.0057144
181,19013,4.0894384,4.34085,60.764317,64.5,0.13971296,-3.7356834
182,19015,4.0658193,4.06492,60.413364,60.4,0.1576062,0.0133628845
183,19017,4.1517177,4.48891,61.689713,66.700005,0.13976517,-5.010292
184,19019,4.0936975,4.3745,60.827602,65.0,0.1366835,-4.1723976
185,19021,4.0771265,3.84956,60.581375,57.2,0.17233439,3.3813744
186,19023,4.171377,4.14568,61.98183,61.6,0.14623222,0.38183212
187,19025,4.173741,4.11876,62.016953,61.2,0.17831564,0.81695175
188,19027,4.2545996,3.96397,63.21842,58.9,0.20770936,4.3184166
189,19029,3.790738,3.44576,56.325974,51.2,0.3020977,5.1259727
190,19031,4.349091,4.5091,64.62245,67.0,0.16167885,-2.3775482
191,19033,4.1422925,4.09184,61.549667,60.8,0.12812404,0.7496681
192,19035,4.063947,4.01108,60.385548,59.6,0.19930978,0.78554916
193,19037,4.0257554,4.28028,59.81806,63.600002,0.1359078,-3.7819405
194,19039,2.8978996,2.70546,43.05943,40.2,0.2573469,2.8594284
195,19041,4.011948,3.82937,59.6129,56.9,0.19164857,2.7128983
196,19043,4.00786,4.34085,59.55216,64.5,0.14279662,-4.9478416
197,19045,4.299863,4.4418,63.89098,66.0,0.146584,-2.1090202
198,19047,4.2900906,4.22644,63.745773,62.8,0.20004997,0.9457741
199,19049,3.882224,4.02454,57.685352,59.8,0.21131168,-2.114647
200,19051,3.3797727,3.00158,50.219505,44.600002,0.25211465,5.619503
201,19053,3.1609483,2.55067,46.96803,37.899998,0.20724455,9.068031
202,19055,4.2434525,4.53602,63.052788,67.4,0.13382925,-4.3472137
203,19057,4.2439575,4.50237,63.06029,66.9,0.17942418,-3.8397102
204,19059,3.9841418,3.95724,59.19973,58.800003,0.1461104,0.39972687
205,19061,4.0982957,4.61678,60.895924,68.6,0.13861503,-7.704075
206,19063,4.1597395,4.22644,61.808907,62.8,0.12212615,-0.9910927
207,19065,4.0307236,4.26682,59.89188,63.4,0.14034113,-3.5081215
208,19067,4.0449014,4.16587,60.102547,61.900005,0.1457514,-1.7974586
209,19069,4.211406,4.22644,62.576614,62.8,0.13134687,-0.22338486
210,19071,4.110275,3.59382,61.07392,53.4,0.33339006,7.6739197
211,19073,4.067908,3.9707,60.444397,59.0,0.1854358,1.444397
212,19075,4.3328595,4.36777,64.38127,64.9,0.12718226,-0.51873016
213,19077,3.9207687,3.94378,58.25808,58.6,0.2615715,-0.34191895
214,19079,4.133152,4.12549,61.41385,61.300003,0.12066201,0.113845825
215,19081,4.228535,4.2399,62.83113,63.000004,0.11515442,-0.16887283
216,19083,4.260235,4.26682,63.302155,63.4,0.1301698,-0.097846985
217,19085,3.923822,3.52652,58.303448,52.4,0.43292695,5.903446
218,19087,4.0614843,4.05819,60.34895,60.3,0.22390747,0.048950195
219,19089,3.9710383,4.09857,59.005028,60.899998,0.13459158,-1.8949699
220,19091,4.034489,3.9707,59.947834,59.0,0.1482719,0.947834
221,19093,4.2914243,4.24663,63.76559,63.100002,0.20767298,0.6655884
222,19095,4.0663447,4.14568,60.42117,61.6,0.18206105,-1.1788292
223,19097,4.0147266,4.46199,59.654186,66.299995,0.15085325,-6.645809
224,19099,4.146597,4.04473,61.613625,60.100002,0.18955258,1.5136223
225,19101,3.573873,3.41211,53.10361,50.7,0.2597303,2.4036102
226,19103,4.141932,4.17933,61.54431,62.1,0.16943003,-0.55568695
227,19105,4.196476,4.15241,62.35477,61.7,0.13316935,0.6547699
228,19107,3.8345776,3.57363,56.97738,53.100002,0.20286253,3.8773766
229,19109,4.157564,3.78226,61.776585,56.2,0.12760103,5.576584
230,19111,3.849587,3.67458,57.2004,54.600002,0.22087629,2.600399
231,19113,4.1379414,4.34758,61.485012,64.6,0.14439675,-3.1149864
232,19115,4.1188993,4.13222,61.202072,61.399998,0.21471567,-0.19792557
233,19117,3.0743117,2.90063,45.68071,43.100002,0.2539503,2.5807076
234,19119,4.0815544,4.18606,60.647167,62.2,0.16834573,-1.5528336
235,19121,3.7335548,3.72842,55.4763,55.4,0.2271409,0.07629776
236,19123,4.1208506,3.99089,61.231064,59.3,0.19238283,1.9310646
237,19125,3.8646069,3.88994,57.42358,57.8,0.21068586,-0.37641907
238,19127,4.303053,4.3745,63.93838,65.0,0.14563511,-1.0616188
239,19129,3.9515634,3.50633,58.715652,52.100002,0.3750134,6.61565
240,19131,4.1618376,4.34758,61.840084,64.6,0.13120973,-2.7599144
241,19133,4.015395,3.27078,59.66412,48.600002,0.43659714,11.064117
242,19135,3.4553785,3.19002,51.342922,47.4,0.23554294,3.9429207
243,19137,4.046058,3.68804,60.119736,54.8,0.30678394,5.3197365
244,19139,4.284205,4.40815,63.65832,65.5,0.18620507,-1.8416786
245,19141,4.1193604,3.99762,61.208923,59.4,0.15698978,1.8089218
246,19143,4.0458083,3.78899,60.116024,56.3,0.14315403,3.8160248
247,19145,3.8614345,3.6342,57.376442,54.000004,0.2717821,3.3764381
248,19147,4.057145,3.89667,60.284473,57.9,0.16143909,2.384472
249,19149,4.063144,3.21694,60.373615,47.8,0.22925523,12.573616
250,19151,4.136841,3.80245,61.468662,56.5,0.15852655,4.9686623
251,19153,3.884502,3.64093,57.719196,54.1,0.1804525,3.6191978
252,19155,4.0676,3.4323,60.43982,51.0,0.39001915,9.439819
253,19157,3.9968176,4.06492,59.388077,60.4,0.17463987,-1.0119247
254,19159,3.3061414,2.81314,49.12543,41.8,0.25969508,7.325432
255,19161,4.26104,4.12549,63.31412,61.300003,0.1761896,2.0141182
256,19163,4.373076,4.65043,64.97884,69.100006,0.14841016,-4.1211624
257,19165,4.238522,3.9034,62.979527,58.0,0.22548139,4.9795265
258,19167,4.1809497,4.23317,62.12407,62.9,0.20570888,-0.7759323
259,19169,4.112006,4.038,61.099648,60.000004,0.13799092,1.0996437
260,19171,4.2219415,4.13222,62.73316,61.399998,0.14268923,1.3331604
261,19173,3.7086868,3.56017,55.10679,52.899998,0.2801621,2.206791
262,19175,3.3531213,2.78622,49.823498,41.4,0.2739236,8.423496
263,19177,3.5475426,2.93428,52.71237,43.6,0.24240036,9.112373
264,19179,3.8067737,3.61401,56.564243,53.7,0.23692183,2.8642426
265,19181,3.460454,3.37846,51.418335,50.2,0.22401911,1.2183342
266,19183,3.9487038,3.84956,58.67316,57.2,0.23601706,1.4731598
267,19187,3.9939919,3.86975,59.346092,57.5,0.14641939,1.8460922
268,19189,4.183637,4.33412,62.164,64.399994,0.11210792,-2.2359924
269,19191,3.969036,4.46199,58.975277,66.299995,0.14264199,-7.3247185
270,19193,4.115317,3.79572,61.148838,56.4,0.31942502,4.7488365
271,19195,4.1060905,4.1726,61.011745,61.999996,0.12451069,-0.98825073
272,19197,4.1658955,4.07838,61.90038,60.600002,0.12182404,1.3003769
273,20001,1.5188863,1.31908,22.568892,19.6,0.33105123,2.9688911
274,20003,1.8042715,1.56136,26.809383,23.2,0.32554752,3.6093826
275,20005,3.2228894,2.98139,47.8884,44.3,0.38828087,3.5884018
276,20007,1.3937513,1.35946,20.709528,20.2,0.78643125,0.5095272
277,20009,1.7955246,1.28543,26.679415,19.1,0.78892523,7.5794144
278,20011,1.8401852,1.1441,27.34302,17.0,0.32251948,10.3430195
279,20013,3.9675155,3.58709,58.952682,53.3,0.354838,5.6526833
280,20015,1.4673725,1.23159,21.803455,18.300001,0.6093733,3.5034542
281,20017,2.2159543,2.26128,32.926514,33.600002,0.36858225,-0.6734886
282,20019,1.2903941,0.82106,19.173761,12.2,0.39359602,6.9737616
283,20021,1.6306937,1.0768,24.230219,16.0,0.26526913,8.230219
284,20023,2.6821527,4.19952,39.853683,62.4,0.43547556,-22.546318
285,20027,3.0141802,1.91805,44.787224,28.500002,0.54792,16.287222
286,20029,2.769621,1.76999,41.15336,26.3,0.676009,14.853359
287,20031,1.7731247,1.83056,26.346579,27.2,0.27893206,-0.85342216
288,20035,1.3880138,0.63935,20.624277,9.5,0.6130014,11.124277
289,20041,2.0367322,1.8844,30.263481,28.0,0.36982122,2.2634811
290,20045,2.6735907,2.00554,39.72646,29.8,0.27548906,9.92646
291,20047,2.954122,2.4228,43.89483,36.0,0.9902777,7.894829
292,20049,1.5339972,1.4133,22.79342,21.0,0.42659068,1.7934208
293,20053,1.8756716,0.97585,27.870306,14.5,0.6732837,13.370306
294,20059,2.3129926,1.58155,34.36839,23.5,0.24621655,10.868389
295,20061,2.7257032,2.76603,40.50079,41.100002,0.44008067,-0.59921265
296,20073,1.669794,1.31908,24.811203,19.6,0.45286074,5.2112026
297,20077,1.2501969,0.63262,18.576477,9.4,0.6683892,9.176477
298,20079,1.6321385,1.74307,24.251686,25.9,0.6233745,-1.6483135
299,20081,3.4667902,2.05265,51.512486,30.5,0.58467,21.012486
300,20083,2.4143822,3.31116,35.874924,49.2,0.6737534,-13.325077
301,20087,3.0778973,2.46991,45.733986,36.7,0.39737067,9.033985
302,20089,2.8022199,2.30166,41.63774,34.2,0.6112384,7.4377403
303,20091,2.2096088,2.20744,32.832226,32.8,0.25838712,0.032226562
304,20095,1.4253666,1.51425,21.179296,22.5,0.7166989,-1.3207035
305,20097,2.7746954,2.7593,41.22876,41.0,1.0434784,0.22875977
306,20099,1.3288666,0.62589,19.745419,9.3,0.30574045,10.445418
307,20103,2.8373685,2.57086,42.160007,38.2,0.30800554,3.9600067
308,20105,1.9160507,0.82779,28.470293,12.3,0.58713406,16.170292
309,20107,1.8671637,1.40657,27.743889,20.9,0.33806992,6.843889
310,20111,1.8271271,1.56136,27.14899,23.2,0.28755257,3.9489899
311,20113,1.7539878,1.13737,26.062225,16.9,0.5452048,9.162226
312,20115,1.51044,1.20467,22.443388,17.9,0.34653118,4.5433884
313,20117,3.333848,2.61124,49.537117,38.8,0.5228896,10.737118
314,20119,3.913599,4.54948,58.151546,67.6,0.6836166,-9.448452
315,20121,2.4693074,1.98535,36.691048,29.5,0.26314515,7.1910477
316,20123,2.158091,1.66231,32.06673,24.7,0.54021376,7.3667297
317,20125,1.3874342,0.72011,20.615665,10.7,0.32094562,9.915666
318,20127,1.9896568,2.20071,29.563995,32.7,0.31897348,-3.1360054
319,20131,3.2905016,2.67854,48.89304,39.8,0.5032046,9.09304
320,20133,1.393569,0.7403,20.70682,11.0,0.30862057,9.70682
321,20139,2.0139124,1.68923,29.924404,25.1,0.3052707,4.824404
322,20141,1.65764,0.91528,24.63061,13.6,0.621496,11.030609
323,20143,2.2484307,1.37965,33.409077,20.5,0.6191938,12.909077
324,20145,2.6004214,2.98139,38.639248,44.3,0.7955631,-5.6607513
325,20147,2.009664,1.72961,29.861279,25.699999,0.5871376,4.1612797
326,20151,2.2497451,2.54394,33.428604,37.800003,0.9445282,-4.371399
327,20155,1.6624861,1.44022,24.702616,21.4,0.7535097,3.3026161
328,20157,3.6050968,2.91409,53.567562,43.3,0.69574636,10.267563
329,20159,1.7153711,1.10372,25.488428,16.4,0.74958974,9.0884285
330,20161,2.7625773,2.3555,41.0487,35.0,0.51943415,6.0486984
331,20163,1.3354691,0.93547,19.843523,13.9,0.6649924,5.9435234
332,20169,1.8857923,1.32581,28.020687,19.699999,0.51455,8.320688
333,20173,1.6483346,1.69596,24.492342,25.2,0.6943102,-0.70765877
334,20175,3.6012917,3.87648,53.51102,57.600002,0.63430303,-4.0889816
335,20177,2.7672968,2.36896,41.118824,35.2,0.35486645,5.9188232
336,20183,2.5507655,1.66231,37.90142,24.7,0.6645668,13.20142
337,20189,3.6493201,4.31393,54.224667,64.1,0.65850115,-9.875332
338,20191,1.2322772,0.84125,18.310211,12.5,0.56470394,5.810211
339,20193,1.8839614,2.70546,27.993484,40.2,0.5953467,-12.206516
340,20197,2.619722,2.30166,38.926033,34.2,0.37801456,4.7260323
341,20201,3.3793378,2.8266,50.213043,42.0,0.5344907,8.213043
342,20205,1.4515816,1.06334,21.56882,15.799999,0.32570764,5.7688217
343,26001,2.6818829,2.8939,39.84967,43.0,0.22062056,-3.1503296
344,26005,3.3094177,3.32462,49.174114,49.4,0.18339115,-0.2258873
345,26007,2.396462,2.59105,35.608646,38.5,0.24411094,-2.8913536
346,26011,2.700198,2.65835,40.12181,39.5,0.19245929,0.6218109
347,26015,3.5706358,3.54671,53.05551,52.7,0.16893885,0.3555107
348,26017,3.274135,3.19002,48.649853,47.4,0.15385996,1.2498512
349,26021,3.4060922,2.91409,50.610584,43.3,0.18280056,7.310585
350,26023,3.763619,3.51979,55.923016,52.3,0.16451424,3.6230164
351,26025,3.4159713,3.29097,50.757374,48.9,0.1724755,1.8573723
352,26027,3.4874167,3.34481,51.81897,49.7,0.17950018,2.118969
353,26037,3.3412237,3.10253,49.646713,46.100002,0.1719158,3.546711
354,26045,3.4218717,3.58709,50.845047,53.3,0.1656108,-2.4549522
355,26049,2.9978757,2.18052,44.54496,32.4,0.19487494,12.1449585
356,26051,2.4734397,2.97466,36.75245,44.2,0.21824998,-7.4475517
357,26055,2.754084,2.34204,40.922497,34.800003,0.2155657,6.1224937
358,26057,3.2953577,3.56017,48.9652,52.899998,0.16627717,-3.9347992
359,26059,3.5873775,3.4996,53.30427,52.0,0.17855597,1.3042717
360,26063,3.3060527,3.00158,49.12411,44.600002,0.16974732,4.524109
361,26065,3.4241247,3.06215,50.878525,45.5,0.16321345,5.378525
362,26067,3.6535206,3.71496,54.287083,55.2,0.15648136,-0.9129181
363,26073,2.9348145,2.98812,43.60794,44.4,0.17608014,-0.79206085
364,26075,3.201172,3.03523,47.56571,45.1,0.18750744,2.4657097
365,26077,3.5341058,3.39865,52.51272,50.5,0.17868164,2.0127182
366,26081,3.34413,3.48614,49.689896,51.8,0.18871646,-2.1101036
367,26087,2.9521728,2.65162,43.865868,39.399998,0.171979,4.46587
368,26091,3.539207,3.49287,52.588516,51.9,0.17327173,0.6885147
369,26093,3.2284799,2.50356,47.97147,37.2,0.1754686,10.771469
370,26099,3.137289,2.60451,46.616478,38.7,0.21553098,7.916477
371,26105,2.9922147,3.56017,44.460842,52.899998,0.20063463,-8.439156
372,26107,2.6328142,2.83333,39.120567,42.1,0.21158655,-2.9794312
373,26109,1.775779,2.28147,26.386019,33.9,0.32293165,-7.513983
374,26111,2.9894047,3.39192,44.41909,50.4,0.17286539,-5.9809113
375,26115,3.2900114,2.64489,48.885757,39.300003,0.20081483,9.585754
376,26117,3.0625234,3.23713,45.505547,48.1,0.1778908,-2.594452
377,26119,2.4001698,2.67854,35.663742,39.8,0.2108753,-4.136257
378,26121,3.2006874,3.45249,47.558506,51.300003,0.2043418,-3.741497
379,26123,2.9496531,3.51306,43.828426,52.2,0.21538806,-8.371574
380,26125,2.7590308,2.30166,40.996002,34.2,0.26363102,6.7960014
381,26127,2.8309917,2.80641,42.065258,41.7,0.22992809,0.36525726
382,26129,2.498743,2.44299,37.128426,36.300003,0.19855087,0.82842255
383,26139,3.2322078,3.19002,48.026863,47.4,0.19383924,0.6268616
384,26141,2.1098173,2.14687,31.34944,31.9,0.28577748,-0.55056
385,26145,3.3030152,3.33135,49.07898,49.5,0.168217,-0.4210205
386,26147,2.8988934,2.3555,43.074196,35.0,0.19974375,8.074196
387,26149,3.6398096,3.51979,54.08335,52.3,0.17494047,1.7833519
388,26151,3.3330994,3.51979,49.525993,52.3,0.16014771,-2.774006
389,26155,3.296088,2.86025,48.976048,42.5,0.16779284,6.4760475
390,26157,3.431336,3.0958,50.985676,46.0,0.15485187,4.985676
391,26161,3.0008078,2.85352,44.588528,42.399998,0.20689952,2.18853
392,26163,2.7261834,1.69596,40.507927,25.2,0.35135585,15.307926
393,27001,2.0179217,1.86421,29.983978,27.7,0.16659568,2.2839775
394,27003,2.5407696,3.06215,37.75289,45.5,0.20431076,-7.7471085
395,27005,2.9194736,2.91409,43.379993,43.3,0.13545221,0.0799942
396,27007,2.1258082,2.39588,31.587048,35.6,0.22433525,-4.012951
397,27009,3.003601,3.08234,44.63003,45.8,0.15820456,-1.1699677
398,27011,3.1225927,2.7593,46.39811,41.0,0.13075566,5.3981094
399,27013,4.154155,4.20625,61.725925,62.500004,0.11440746,-0.77407837
400,27015,3.881445,3.80245,57.673775,56.5,0.12032743,1.1737747
401,27019,3.713376,4.00435,55.176464,59.500004,0.11559587,-4.3235397
402,27021,2.3978252,2.40261,35.628906,35.7,0.2591696,-0.07109451
403,27023,3.561213,3.23713,52.915497,48.1,0.112653546,4.8154984
404,27025,2.826651,2.90736,42.00076,43.2,0.1652082,-1.1992416
405,27029,2.5753117,2.42953,38.266148,36.1,0.16636825,2.1661491
406,27033,3.8769588,3.57363,57.607117,53.100002,0.12786731,4.5071144
407,27035,2.1535606,1.87094,31.999416,27.8,0.25382322,4.199417
408,27037,3.6249352,3.72842,53.862335,55.4,0.159904,-1.5376663
409,27039,4.0337877,4.16587,59.937412,61.900005,0.12465273,-1.9625931
410,27041,3.0915842,2.86698,45.93736,42.600002,0.13726299,3.3373566
411,27043,4.171037,4.13222,61.97678,61.399998,0.11452409,0.5767822
412,27045,3.9708748,4.11203,59.002598,61.100002,0.13711087,-2.0974045
413,27047,4.0887604,4.038,60.754242,60.000004,0.11848226,0.7542381
414,27049,3.952571,4.00435,58.730625,59.500004,0.13296756,-0.76937866
415,27051,3.253683,2.92755,48.34596,43.5,0.12852061,4.8459587
416,27053,3.2832432,3.4323,48.78519,51.0,0.15390638,-2.2148094
417,27055,3.8292193,4.15241,56.897762,61.7,0.14891423,-4.8022385
418,27059,2.6516976,2.81987,39.401154,41.9,0.17131296,-2.498848
419,27061,2.1084585,1.8844,31.32925,28.0,0.28553334,3.3292503
420,27063,3.8823452,3.78226,57.68715,56.2,0.122225516,1.4871483
421,27065,2.5908556,2.8266,38.497112,42.0,0.17648348,-3.5028877
422,27069,2.772468,3.01504,41.195663,44.8,0.14171897,-3.6043358
423,27071,2.084776,2.05938,30.977354,30.6,0.24872509,0.37735367
424,27077,2.0839667,2.63143,30.96533,39.1,0.23186427,-8.134668
425,27079,3.8568554,4.12549,57.308403,61.300003,0.11923757,-3.9916
426,27085,3.7613645,3.65439,55.88952,54.300003,0.11362974,1.5895157
427,27087,2.8381667,2.98812,42.171867,44.4,0.14252047,-2.2281342
428,27089,2.5703135,2.50356,38.19188,37.2,0.15020534,0.9918785
429,27091,4.182147,4.19952,62.141857,62.4,0.11599133,-0.25814438
430,27093,3.4241517,3.17656,50.878925,47.2,0.124453396,3.6789246
431,27095,2.8136678,2.72565,41.807842,40.5,0.16399062,1.3078423
432,27097,2.9879684,3.45922,44.397747,51.399998,0.17513052,-7.0022507
433,27099,4.0500073,4.09184,60.178417,60.8,0.13095719,-0.62158203
434,27101,3.6746783,3.30443,54.601463,49.100002,0.12926137,5.501461
435,27105,3.8340473,3.47268,56.9695,51.600002,0.14071676,5.369499
436,27107,2.7663083,2.86698,41.104137,42.600002,0.12991521,-1.4958649
437,27109,3.9323034,4.1726,58.429474,61.999996,0.13427044,-3.5705223
438,27111,3.025729,2.65835,44.958824,39.5,0.14376654,5.458824
439,27113,2.5460958,2.32185,37.832035,34.5,0.15370795,3.332035
440,27115,2.6335192,2.75257,39.131042,40.899998,0.17852758,-1.7689552
441,27117,3.4956412,2.98139,51.941177,44.3,0.1360616,7.641178
442,27119,2.739832,2.59105,40.710728,38.5,0.13407889,2.2107277
443,27121,3.237352,2.98139,48.1033,44.3,0.13163714,3.803299
444,27125,2.62955,2.60451,39.072067,38.7,0.15093601,0.3720665
445,27127,3.7705245,3.37173,56.025623,50.100002,0.12302606,5.925621
446,27129,3.7819953,3.60728,56.196068,53.600002,0.10806434,2.5960655
447,27131,3.675561,4.08511,54.61458,60.700005,0.12513556,-6.0854263
448,27133,3.9653497,3.73515,58.9205,55.500004,0.1390102,3.420498
449,27135,2.4008105,2.80641,35.67326,41.7,0.1798619,-6.026741
450,27139,3.562807,3.68804,52.939186,54.8,0.12081412,-1.8608131
451,27141,3.0027719,3.17656,44.61771,47.2,0.16542758,-2.5822906
452,27143,3.9270558,3.91686,58.351498,58.2,0.107780784,0.15149689
453,27145,3.3580008,3.37173,49.896,50.100002,0.13464183,-0.20400238
454,27147,4.0341988,4.2399,59.94352,63.000004,0.116307,-3.0564842
455,27149,3.0971713,3.05542,46.02038,45.399998,0.12545203,0.6203804
456,27151,3.3902864,3.13618,50.37573,46.6,0.11851383,3.7757301
457,27153,2.9277205,3.12272,43.502533,46.4,0.16364953,-2.8974686
458,27155,3.0519638,2.84006,45.348644,42.2,0.13114429,3.1486435
459,27159,2.5613856,2.97466,38.059223,44.2,0.18893166,-6.1407776
460,27161,4.1567965,4.07165,61.76518,60.5,0.11114295,1.2651787
461,27163,3.1916819,3.06215,47.424694,45.5,0.18851191,1.9246941
462,27165,4.083343,4.08511,60.673744,60.700005,0.11956715,-0.026260376
463,27167,3.058919,2.50356,45.451992,37.2,0.12986305,8.251991
464,27169,3.9487553,4.18606,58.673927,62.2,0.13520288,-3.5260735
465,27171,3.348462,3.47941,49.754265,51.7,0.12705326,-1.9457359
466,27173,3.5878053,3.34481,53.310627,49.7,0.11923835,3.6106262
467,29001,3.301497,2.80641,49.05642,41.7,0.22627586,7.3564186
468,29005,4.257636,3.58036,63.26354,53.2,0.371904,10.063538
469,29007,3.7387605,3.12945,55.55365,46.5,0.18066214,9.05365
470,29011,1.831037,1.38638,27.207088,20.6,0.28859076,6.607088
471,29013,3.1126194,1.96516,46.249916,29.2,0.2711831,17.049915
472,29015,3.5102897,3.16983,52.158836,47.100002,0.2940191,5.058834
473,29017,2.9745088,3.00158,44.197754,44.600002,0.29943162,-0.40224838
474,29019,3.2607923,2.73238,48.451595,40.6,0.25443292,7.851597
475,29023,3.5490966,3.58709,52.735462,53.3,0.2364746,-0.56453705
476,29025,3.1491232,2.8266,46.79232,42.0,0.23032948,4.7923203
477,29027,3.4897318,3.32462,51.85337,49.4,0.25942674,2.4533691
478,29031,3.2858276,3.27078,48.82359,48.600002,0.23970369,0.22358704
479,29033,3.584993,3.53998,53.26884,52.6,0.24442801,0.6688423
480,29037,2.8193338,2.34204,41.892033,34.800003,0.25829935,7.0920296
481,29049,3.690494,3.26405,54.836464,48.5,0.23984428,6.336464
482,29051,3.3068166,3.14964,49.135464,46.800003,0.2989448,2.3354607
483,29057,2.1744962,1.69596,32.310493,25.2,0.24985619,7.1104927
484,29059,2.5979686,2.03919,38.602802,30.300001,0.31183904,8.302801
485,29063,3.4454303,2.87371,51.195103,42.7,0.21931794,8.495102
486,29069,2.996611,3.12945,44.52617,46.5,0.21142644,-1.9738312
487,29071,3.1985846,2.91409,47.52726,43.3,0.32779106,4.2272606
488,29073,2.8106623,2.63143,41.763184,39.1,0.3566997,2.6631851
489,29075,3.2604508,2.8266,48.44652,42.0,0.22934301,6.4465218
490,29077,2.2395523,1.91132,33.277153,28.4,0.3242922,4.8771534
491,29079,3.6459599,3.2977,54.17474,49.0,0.18029827,5.17474
492,29083,3.2283077,2.49683,47.96891,37.1,0.2567901,10.868912
493,29085,2.6911685,1.90459,39.987644,28.300001,0.34052232,11.687643
494,29089,3.4545617,2.66508,51.330784,39.600002,0.24805246,11.730782
495,29095,3.042282,2.52375,45.20479,37.5,0.29272088,7.704788
496,29097,1.8549459,1.79691,27.562347,26.7,0.26908413,0.86234665
497,29099,3.088873,3.12945,45.89707,46.5,0.3597547,-0.60292816
498,29101,3.0862865,2.63143,45.858643,39.1,0.26283327,6.758644
499,29103,3.345675,2.88044,49.712852,42.8,0.21247649,6.9128532
500,29107,3.923308,3.32462,58.29581,49.4,0.25773677,8.895809
501,29109,1.921388,2.05938,28.549599,30.6,0.30495316,-2.0504017
502,29111,3.334425,2.81314,49.545692,41.8,0.21352103,7.745693
503,29113,3.2881055,3.07561,48.857437,45.7,0.20755142,3.1574364
504,29115,3.4109983,3.10926,50.683483,46.2,0.19807106,4.4834824
505,29117,3.5769625,3.46595,53.149517,51.5,0.18352374,1.649517
506,29125,2.5741963,2.57086,38.249573,38.2,0.38570258,0.04957199
507,29127,3.594831,3.14964,53.415024,46.800003,0.21397606,6.6150208
508,29129,3.2655525,3.10926,48.522327,46.2,0.22594605,2.3223267
509,29131,3.0196075,3.21694,44.86787,47.8,0.3269766,-2.932129
510,29133,3.3337665,3.91013,49.535908,58.100002,0.1915494,-8.564095
511,29135,3.3061771,2.7593,49.12596,41.0,0.25987822,8.125961
512,29137,3.632987,3.16983,53.981976,47.100002,0.19420286,6.8819733
513,29139,3.5254827,3.28424,52.384586,48.8,0.22207381,3.584587
514,29141,3.4070716,2.71892,50.625137,40.4,0.2915326,10.225136
515,29143,2.9787297,3.37173,44.26047,50.100002,0.19747779,-5.839531
516,29145,2.1348977,1.50079,31.722105,22.300001,0.301438,9.422104
517,29151,3.0680623,2.7593,45.58785,41.0,0.32192928,4.5878487
518,29155,3.184506,3.21694,47.31807,47.8,0.19284965,-0.48192978
519,29157,3.54451,3.20348,52.66731,47.600002,0.22543769,5.0673065
520,29159,3.30443,2.90063,49.100002,43.100002,0.2374375,6.0
521,29163,3.3097339,3.1631,49.17881,47.0,0.20778346,2.1788101
522,29165,3.6915355,3.19002,54.85194,47.4,0.39050266,7.4519386
523,29167,2.3775978,2.12668,35.32835,31.599998,0.29867595,3.7283516
524,29173,3.6271014,3.31116,53.894524,49.2,0.2005089,4.694523
525,29175,3.2831397,2.99485,48.783653,44.5,0.20346716,4.2836533
526,29177,3.679327,3.12272,54.670536,46.4,0.29515395,8.2705345
527,29183,3.6573606,3.32462,54.34414,49.4,0.21025236,4.9441376
528,29185,3.0093946,2.14687,44.716118,31.9,0.30738062,12.816118
529,29186,3.5717568,3.52652,53.072166,52.4,0.25571436,0.6721649
530,29187,3.352954,3.08907,49.82101,45.9,0.289781,3.921009
531,29197,3.1203504,2.692,46.36479,40.0,0.22634879,6.364792
532,29199,3.3440967,2.8266,49.6894,42.0,0.23444848,7.6893997
533,29201,3.1178539,3.16983,46.327694,47.100002,0.23413405,-0.77230835
534,29205,3.7637868,2.9612,55.92551,44.0,0.195707,11.92551
535,29207,3.4656553,3.19002,51.49562,47.4,0.2430339,4.095619
536,29211,3.2300754,2.73238,47.99518,40.6,0.23602426,7.3951797
537,29217,2.1023672,1.46714,31.238739,21.8,0.32265607,9.43874
538,29219,3.614861,3.24386,53.712646,48.2,0.23346232,5.5126457
539,29221,3.44661,2.92082,51.21263,43.4,0.36719313,7.8126297
540,29225,2.208249,2.02573,32.812023,30.099998,0.3251544,2.7120247
541,29227,3.3672671,3.11599,50.033688,46.3,0.211916,3.7336884
542,31001,4.1336293,4.21971,61.42094,62.699997,0.6984,-1.2790565
543,31011,4.184524,3.72842,62.177177,55.4,0.5088851,6.777176
544,31015,2.45021,2.019,36.407284,30.000002,0.5543227,6.407282
545,31019,3.9542608,3.46595,58.755733,51.5,0.7887005,7.2557335
546,31021,4.039802,2.91409,60.02678,43.3,0.40561768,16.72678
547,31023,3.9846616,2.94101,59.207455,43.7,0.57489634,15.507454
548,31025,3.4754524,2.61797,51.641197,38.9,0.5301242,12.741196
549,31027,4.0361238,3.58036,59.972122,53.2,0.38887036,6.7721214
550,31035,4.2607846,4.03127,63.31032,59.9,0.613286,3.4103203
551,31037,3.779755,2.90736,56.16278,43.2,0.3851747,12.96278
552,31039,4.0671544,3.14964,60.4332,46.800003,0.43428862,13.633198
553,31043,3.8673606,3.32462,57.464497,49.4,0.41629356,8.064495
554,31047,4.1237483,4.09857,61.27412,60.899998,0.7920668,0.37412262
555,31053,3.8033733,3.07561,56.51372,45.7,0.44611853,10.813721
556,31055,3.5910115,2.8939,53.35827,43.0,0.5798169,10.358269
557,31059,4.295351,4.32066,63.82394,64.200005,0.5978441,-0.3760643
558,31061,4.0239844,3.17656,59.791744,47.2,0.6396862,12.591743
559,31065,2.2815266,2.52375,33.90084,37.5,0.78584784,-3.5991592
560,31067,3.3695617,2.45645,50.067783,36.5,0.66350293,13.567783
561,31071,3.4965897,4.00435,51.95527,59.500004,0.6909011,-7.544735
562,31077,3.9395018,3.48614,58.53643,51.8,0.74049735,6.736431
563,31079,4.1383386,4.31393,61.490917,64.1,0.73695,-2.6090813
564,31081,4.370411,4.50237,64.93924,66.9,0.5265904,-1.960762
565,31083,3.5063858,4.05819,52.10083,60.3,0.7100903,-8.199169
566,31089,3.8018045,3.93705,56.49041,58.500004,0.67471397,-2.009594
567,31093,3.8072495,3.43903,56.571316,51.1,0.69382,5.4713173
568,31095,3.8337722,3.35827,56.965412,49.899998,0.6719621,7.0654144
569,31097,2.897098,2.17379,43.04752,32.3,0.55081254,10.74752
570,31099,4.2419887,3.86302,63.031036,57.4,0.6617668,5.631035
571,31107,3.2720346,2.75257,48.618645,40.899998,0.4609694,7.718647
572,31109,3.1293192,2.26801,46.49806,33.7,0.7087503,12.798058
573,31111,3.591895,4.29374,53.3714,63.8,0.72488093,-10.4286
574,31113,3.4503565,3.80245,51.2683,56.5,0.61049044,-5.231701
575,31119,3.914443,3.0958,58.164085,46.0,0.5538127,12.164085
576,31121,4.000283,3.45249,59.439568,51.300003,0.7973639,8.1395645
577,31125,3.57728,3.0285,53.154236,45.0,0.5879248,8.154236
578,31127,3.7165365,3.07561,55.223427,45.7,0.50794095,9.523426
579,31129,3.8357754,3.41211,56.99518,50.7,0.70280725,6.2951775
580,31131,3.1332812,2.33531,46.556927,34.7,0.5865565,11.856926
581,31133,2.9087825,1.89786,43.221138,28.2,0.617044,15.021137
582,31135,2.6943192,4.12549,40.034462,61.300003,0.5990423,-21.265541
583,31137,4.333785,4.40815,64.39503,65.5,0.725963,-1.1049728
584,31139,3.7964072,3.31116,56.410213,49.2,0.46377826,7.2102127
585,31141,4.1595283,3.43903,61.80577,51.1,0.5302046,10.705772
586,31143,4.304499,3.49287,63.95987,51.9,0.53664505,12.059868
587,31145,2.6141562,3.46595,38.843334,51.5,0.8738023,-12.656666
588,31147,3.9544573,3.10926,58.75865,46.2,0.37194467,12.558651
589,31149,3.3683016,3.32462,50.04906,49.4,0.7055161,0.6490593
590,31151,3.6844373,3.03523,54.746468,45.1,0.56322783,9.646469
591,31153,3.4374487,2.91409,51.076504,43.3,0.52705157,7.7765045
592,31155,3.8961372,3.18329,57.892086,47.3,0.6010824,10.592087
593,31159,3.8241997,3.60728,56.823177,53.600002,0.63774127,3.223175
594,31163,3.7250757,3.42557,55.350307,50.9,0.6787793,4.450306
595,31167,3.6907735,2.42953,54.84062,36.1,0.41585746,18.74062
596,31169,4.112765,3.72169,61.11092,55.3,0.77939886,5.8109207
597,31173,3.4786735,2.19398,51.689056,32.6,0.35224658,19.089058
598,31175,3.8316493,4.06492,56.93387,60.4,0.69156694,-3.466133
599,31177,3.7689595,2.79295,56.002373,41.5,0.53672606,14.502373
600,31179,3.4656782,2.50356,51.49596,37.2,0.33516905,14.295959
601,31181,3.6080837,2.76603,53.611942,41.100002,0.5576456,12.51194
602,31185,4.0722594,4.34758,60.509056,64.6,0.42708084,-4.0909424
603,38001,1.7138054,1.23832,25.465162,18.4,0.21864009,7.0651627
604,38003,2.6060238,2.24109,38.722492,33.300003,0.14280644,5.422489
605,38005,2.4548178,2.49683,36.475746,37.1,0.1509567,-0.6242523
606,38009,2.371031,2.44299,35.230774,36.300003,0.13647623,-1.0692291
607,38015,2.26159,1.86421,33.604607,27.7,0.17160964,5.904606
608,38017,2.9897566,3.06888,44.424316,45.600002,0.12676805,-1.1756859
609,38019,2.4307406,2.64489,36.11799,39.300003,0.14211759,-3.1820145
610,38021,2.7811308,2.72565,41.32438,40.5,0.14157367,0.82437897
611,38025,1.8939475,1.69596,28.141865,25.2,0.19586,2.941864
612,38027,2.4627688,2.32858,36.59389,34.6,0.15915155,1.9938927
613,38029,2.1797547,1.94497,32.38863,28.9,0.16458908,3.4886303
614,38031,2.5341115,2.29493,37.65396,34.1,0.14225937,3.5539627
615,38035,2.5469556,2.46318,37.844807,36.600002,0.14325173,1.2448044
616,38037,2.1064155,1.67577,31.298893,24.900002,0.22147968,6.3988914
617,38039,2.5725667,2.16033,38.22536,32.100002,0.14891268,6.1253586
618,38041,2.0263257,1.01623,30.108852,15.1,0.22595948,15.008852
619,38043,2.3960462,1.73634,35.60247,25.800001,0.17238237,9.802469
620,38045,2.70117,2.48337,40.136257,36.9,0.14091831,3.2362556
621,38047,2.3186955,1.92478,34.45313,28.6,0.17012547,5.8531284
622,38049,2.436257,2.18052,36.199955,32.4,0.15345612,3.7999535
623,38051,2.3434863,1.76326,34.82149,26.2,0.16119805,8.6214905
624,38053,1.7034296,1.2787,25.31099,19.0,0.19250138,6.3109894
625,38055,2.2950993,1.83729,34.102516,27.300001,0.1544316,6.802515
626,38059,2.1791215,1.86421,32.37922,27.7,0.21319224,4.6792183
627,38061,2.2895997,1.38638,34.020798,20.6,0.16078916,13.420797
628,38063,2.5040278,2.21417,37.20695,32.9,0.15161252,4.3069496
629,38067,2.6125073,3.00831,38.818832,44.7,0.14072333,-5.8811684
630,38069,2.5160522,2.3555,37.38562,35.0,0.15299937,2.38562
631,38071,2.418525,2.26801,35.936478,33.7,0.14851703,2.236477
632,38073,2.9988763,2.88044,44.559826,42.8,0.13686603,1.7598267
633,38075,2.2053065,1.87767,32.7683,27.900002,0.1479279,4.8682976
634,38077,3.066424,2.60451,45.563507,38.7,0.13138612,6.8635063
635,38079,2.3565311,2.25455,35.015324,33.5,0.15125783,1.5153236
636,38081,2.9789066,2.8266,44.2631,42.0,0.12993976,2.2630997
637,38083,2.405166,2.00554,35.73798,29.8,0.1519142,5.9379807
638,38087,2.0169146,1.29216,29.969013,19.2,0.19139533,10.769012
639,38089,2.0065446,1.28543,29.814928,19.1,0.20621459,10.714928
640,38091,2.655223,2.56413,39.453537,38.100002,0.13795064,1.3535347
641,38093,2.5376282,2.22763,37.706215,33.1,0.14462565,4.6062164
642,38095,2.5046597,2.34877,37.21634,34.899998,0.14911948,2.3163414
643,38097,2.723912,2.76603,40.474174,41.100002,0.12658061,-0.6258278
644,38099,2.645412,2.88044,39.307755,42.8,0.13957919,-3.4922447
645,38101,2.4773538,2.11995,36.810608,31.500002,0.1475773,5.310606
646,38103,2.5552306,2.31512,37.967766,34.4,0.14472738,3.5677643
647,38105,1.955236,1.2787,29.05254,19.0,0.17233527,10.05254
648,39001,3.5969234,3.33135,53.446114,49.5,0.24278057,3.9461136
649,39003,3.9172902,3.92359,58.206394,58.3,0.16482413,-0.09360504
650,39007,3.3858895,3.04869,50.310394,45.300003,0.19970036,5.010391
651,39009,3.4144497,3.27751,50.734764,48.7,0.32968637,2.0347633
652,39011,3.9760041,4.05146,59.078815,60.199997,0.16014402,-1.1211815
653,39013,2.8285174,3.06888,42.028492,45.600002,0.31690678,-3.5715103
654,39015,3.6029353,3.41884,53.535442,50.8,0.17931986,2.735443
655,39017,3.5426245,3.45922,52.639294,51.399998,0.21665964,1.239296
656,39019,2.9812503,3.0958,44.297924,46.0,0.28936037,-1.702076
657,39021,3.8997564,3.99762,57.94586,59.4,0.16706409,-1.4541397
658,39023,3.8011045,3.93705,56.480007,58.500004,0.16904497,-2.0199966
659,39025,3.6674547,3.24386,54.494125,48.2,0.21152362,6.2941246
660,39027,3.9252634,3.66785,58.324867,54.5,0.15182327,3.8248672
661,39029,3.3543444,3.14964,49.84167,46.800003,0.222784,3.041668
662,39031,3.6679072,3.49287,54.50085,51.9,0.20395462,2.6008492
663,39033,4.1129537,4.29374,61.113724,63.8,0.14333414,-2.6862755
664,39037,3.8582926,3.80918,57.329758,56.600002,0.16508377,0.7297554
665,39039,3.6871533,3.45249,54.786827,51.300003,0.18463507,3.486824
666,39041,3.5090451,3.47268,52.140343,51.600002,0.18812047,0.5403404
667,39043,3.8296275,3.96397,56.903828,58.9,0.16561535,-1.9961739
668,39045,3.7922997,4.01108,56.34918,59.6,0.15124494,-3.2508202
669,39047,3.8677197,3.79572,57.469833,56.4,0.1655048,1.0698318
670,39049,3.309117,3.51979,49.169643,52.3,0.22955275,-3.1303558
671,39051,3.9257007,3.97743,58.331364,59.100002,0.17833418,-0.7686386
672,39053,3.7320662,3.25059,55.454178,48.300003,0.26039466,7.154175
673,39055,3.1436453,3.11599,46.710926,46.3,0.2817873,0.41092682
674,39057,3.9607425,3.72842,58.852043,55.4,0.16425852,3.4520416
675,39059,3.4156425,3.20348,50.75249,47.600002,0.24904647,3.1524887
676,39061,3.6321454,3.69477,53.96947,54.9,0.23950379,-0.93053055
677,39063,3.8988848,3.91013,57.93291,58.100002,0.15880495,-0.16709137
678,39065,3.9445925,3.99762,58.612072,59.4,0.15740633,-0.78792953
679,39069,4.0965033,4.15914,60.86929,61.800003,0.17964667,-0.93071365
680,39071,3.729402,3.33135,55.414593,49.5,0.18198502,5.9145927
681,39075,3.5438223,3.47268,52.657093,51.600002,0.18608582,1.0570908
682,39077,3.9008455,3.46595,57.962044,51.5,0.1640737,6.462044
683,39081,3.2254534,3.31789,47.9265,49.3,0.3287492,-1.3735008
684,39083,3.849619,3.45922,57.200874,51.399998,0.1620221,5.8008766
685,39087,3.3785853,3.35827,50.201862,49.899998,0.31630883,0.30186462
686,39091,3.7198443,3.66785,55.272575,54.5,0.1702304,0.7725754
687,39093,3.4216757,3.41884,50.842136,50.8,0.20231897,0.042137146
688,39095,3.6263833,3.62747,53.883854,53.9,0.21001007,-0.016147614
689,39097,3.9000835,3.70823,57.95072,55.100002,0.16053012,2.8507195
690,39099,3.2409859,3.14964,48.157295,46.800003,0.24611543,1.3572922
691,39101,4.030837,3.92359,59.893566,58.3,0.15480708,1.5935669
692,39103,3.4908319,3.40538,51.869717,50.600002,0.19496451,1.2697144
693,39105,3.445191,2.99485,51.191544,44.5,0.34011304,6.6915436
694,39107,3.9303155,3.82937,58.399933,56.9,0.15563492,1.4999313
695,39109,3.9582791,3.62747,58.81544,53.9,0.19212633,4.9154396
696,39113,3.5518193,3.43903,52.77592,51.1,0.20641994,1.6759224
697,39115,3.3093715,3.4996,49.173424,52.0,0.32696626,-2.8265762
698,39117,3.7605953,3.70823,55.87809,55.100002,0.16133258,0.7780876
699,39119,3.7872977,3.32462,56.274857,49.4,0.19502053,6.874855
700,39123,3.6086679,3.6342,53.62062,54.000004,0.17306703,-0.3793831
701,39125,3.7405415,3.85629,55.580112,57.300003,0.1810541,-1.7198906
702,39127,3.8171053,3.53325,56.717762,52.500004,0.18299127,4.217758
703,39129,3.7647333,3.78226,55.939575,56.2,0.1683957,-0.26042557
704,39131,3.6726303,3.59382,54.57103,53.4,0.2623581,1.1710281
705,39133,3.2454329,3.19002,48.22337,47.4,0.23487863,0.8233681
706,39135,3.7848496,3.55344,56.23848,52.800003,0.17892073,3.4384766
707,39137,3.8743143,3.82264,57.56782,56.8,0.16369587,0.76782227
708,39139,3.846003,3.81591,57.14715,56.7,0.15494637,0.44714737
709,39141,3.8264666,3.7015,56.856857,55.0,0.17706735,1.8568573
710,39143,3.892887,3.93032,57.843792,58.4,0.1773582,-0.55620956
711,39145,3.7642145,3.30443,55.931866,49.100002,0.1916711,6.8318634
712,39147,3.915092,3.87648,58.17373,57.600002,0.1722367,0.57372665
713,39149,3.7883239,3.77553,56.290104,56.100002,0.17202939,0.19010162
714,39151,3.1831236,3.27078,47.297527,48.600002,0.21710333,-1.302475
715,39155,3.5072613,3.62074,52.11384,53.8,0.22019197,-1.686161
716,39157,3.6664934,3.27078,54.479843,48.600002,0.19292988,5.879841
717,39159,3.6542578,3.53325,54.298035,52.500004,0.18120378,1.7980309
718,39161,4.014575,4.01108,59.65193,59.6,0.15666248,0.05193329
719,39165,3.5685482,3.51306,53.02449,52.2,0.1968974,0.8244896
720,39167,3.6118374,3.43903,53.667717,51.1,0.29982117,2.5677185
721,39169,3.6624122,3.4996,54.4192,52.0,0.1656123,2.419201
722,39171,3.8117986,3.70823,56.63891,55.100002,0.17281823,1.5389061
723,39173,3.8414316,3.82264,57.079224,56.8,0.18644895,0.2792244
724,39175,4.0417724,4.14568,60.056053,61.6,0.15294206,-1.5439453
725,46003,2.4283214,2.13341,36.082043,31.7,0.47380373,4.382042
726,46005,2.7753015,2.21417,41.237762,32.9,0.25708175,8.337761
727,46009,2.2182288,1.83056,32.960308,27.2,0.38883004,5.7603073
728,46011,3.6810293,3.21694,54.69583,47.8,0.14071777,6.895832
729,46013,3.1200137,2.90063,46.359787,43.100002,0.14807409,3.2597847
730,46015,2.5777006,2.03919,38.301643,30.300001,0.5488232,8.001642
731,46021,2.696257,2.19398,40.063255,32.6,0.18776798,7.463257
732,46023,2.540164,2.1536,37.743893,32.0,0.45586845,5.7438927
733,46025,3.2823508,2.83333,48.77193,42.1,0.15083715,6.671932
734,46027,3.2862537,2.41607,48.82992,35.9,0.4279698,12.92992
735,46029,3.260468,3.16983,48.446777,47.100002,0.14255829,1.346775
736,46035,2.9748855,2.49683,44.20335,37.1,0.37046027,7.1033516
737,46037,3.0048273,2.77276,44.64825,41.2,0.14691515,3.4482498
738,46039,3.4543586,3.23713,51.327766,48.1,0.1407742,3.227768
739,46043,2.8029966,2.28147,41.64928,33.9,0.43124396,7.749279
740,46045,2.8254697,2.57759,41.983208,38.3,0.16357125,3.6832085
741,46049,2.9099908,2.7593,43.23909,41.0,0.17478843,2.23909
742,46051,3.2222958,2.57086,47.87958,38.2,0.14964557,9.679581
743,46057,3.607142,3.35827,53.59795,49.899998,0.138333,3.6979523
744,46059,2.682783,2.11995,39.863045,31.500002,0.28826863,8.363043
745,46061,2.7602606,2.14014,41.014275,31.800001,0.3160121,9.214273
746,46067,2.307802,1.92478,34.291264,28.6,0.35444438,5.691263
747,46073,2.5222502,2.03246,37.477715,30.2,0.4020547,7.277714
748,46077,3.162568,2.73238,46.992096,40.6,0.1670845,6.3920975
749,46079,3.6104007,3.02177,53.64637,44.9,0.1572239,8.746368
750,46083,3.2829337,2.57759,48.78059,38.3,0.24188012,10.480591
751,46085,2.045624,1.73634,30.395603,25.800001,0.4057937,4.595602
752,46087,2.946363,2.31512,43.77954,34.4,0.19338933,9.3795395
753,46089,2.615129,2.26128,38.857788,33.600002,0.17563054,5.257786
754,46091,3.0468402,2.84006,45.272514,42.2,0.14294696,3.0725136
755,46097,3.0875912,2.22763,45.878025,33.1,0.24026124,12.778027
756,46099,3.9009972,3.66112,57.9643,54.4,0.17560023,3.5642967
757,46101,3.8327842,3.58036,56.950733,53.2,0.15287454,3.7507324
758,46107,2.8134718,2.67854,41.80493,39.8,0.17436452,2.0049324
759,46109,3.2546465,2.84006,48.360275,42.2,0.14095451,6.1602745
760,46111,2.4269435,2.14014,36.06157,31.800001,0.3440251,4.261568
761,46115,3.04664,2.77276,45.26954,41.2,0.16764073,4.069538
762,46125,2.9463067,2.4228,43.7787,36.0,0.31830817,7.778702
763,46127,3.7851892,2.84006,56.243523,42.2,0.35387966,14.043522
764,46129,2.8730917,2.59778,42.690815,38.6,0.19120207,4.0908165
765,46135,2.708101,2.24782,40.239243,33.399998,0.38028097,6.839245
766,55001,2.8174667,3.30443,41.864292,49.100002,0.22995679,-7.23571
767,55005,3.0243192,2.90736,44.937878,43.2,0.18028598,1.7378769
768,55007,1.9302872,2.019,28.681831,30.000002,0.4579821,-1.3181705
769,55009,3.4037485,3.43903,50.57576,51.1,0.18854569,-0.5242386
770,55011,3.3163204,3.4996,49.27668,52.0,0.17414573,-2.72332
771,55013,2.7505026,2.64489,40.86928,39.300003,0.19889045,1.5692787
772,55015,3.5031128,4.01781,52.052197,59.699997,0.17442863,-7.6478004
773,55017,3.1366162,3.16983,46.606483,47.100002,0.17537424,-0.49351883
774,55019,3.1543617,3.5669,46.87016,53.0,0.18434827,-6.129841
775,55021,3.5535574,4.07838,52.801746,60.600002,0.15819652,-7.798256
776,55023,3.3411388,3.72842,49.64545,55.4,0.20005867,-5.754551
777,55025,3.6989508,4.1053,54.96212,61.0,0.16111936,-6.03788
778,55027,3.6103988,4.30047,53.646343,63.899998,0.14866957,-10.2536545
779,55029,3.058368,3.30443,45.443806,49.100002,0.23669545,-3.6561966
780,55033,3.1752057,3.06888,47.17988,45.600002,0.16777943,1.579876
781,55035,3.1521316,2.85352,46.83702,42.399998,0.17584462,4.437023
782,55039,3.549714,3.82264,52.744637,56.8,0.15955956,-4.0553627
783,55041,1.7178272,2.17379,25.524921,32.3,0.43386877,-6.775078
784,55043,3.9301462,4.38796,58.39742,65.2,0.1510259,-6.802578
785,55045,3.7696047,4.36104,56.01196,64.8,0.17112395,-8.788044
786,55047,3.4135218,3.64766,50.720978,54.2,0.17261614,-3.479023
787,55049,3.641849,4.18606,54.113655,62.2,0.16810462,-8.086346
788,55053,3.0303998,3.21021,45.02823,47.7,0.18628737,-2.671772
789,55055,3.5409775,4.00435,52.614822,59.500004,0.14731188,-6.8851814
790,55057,3.0845184,3.12945,45.83237,46.5,0.20034257,-0.66762924
791,55059,3.348555,3.74188,49.75565,55.6,0.1778624,-5.844349
792,55061,3.4404798,3.53998,51.121544,52.6,0.17182504,-1.4784546
793,55063,3.3349843,3.62747,49.554,53.9,0.18054107,-4.3460007
794,55065,4.0312567,4.54948,59.899803,67.6,0.15008755,-7.7001953
795,55067,2.5392785,3.12272,37.730736,46.4,0.26507843,-8.669266
796,55069,2.7544851,2.69873,40.928455,40.1,0.2544715,0.8284569
797,55071,3.3919697,3.88994,50.400738,57.8,0.17545937,-7.3992615
798,55073,3.0142345,3.16983,44.788033,47.100002,0.1993121,-2.3119698
799,55075,2.8621545,2.61124,42.528297,38.8,0.21677144,3.7282982
800,55077,2.7144256,2.91409,40.333218,43.3,0.18501686,-2.9667816
801,55079,3.020269,3.99762,44.877697,59.4,0.2559673,-14.522305
802,55081,3.0421338,3.2977,45.202583,49.0,0.20431238,-3.7974167
803,55083,3.087427,3.12272,45.875587,46.4,0.18743153,-0.52441406
804,55087,3.4892936,3.46595,51.84686,51.5,0.17549282,0.34685898
805,55089,3.3644834,3.86975,49.992325,57.5,0.19085924,-7.507675
806,55091,3.2791634,3.48614,48.724567,51.8,0.16531889,-3.0754318
807,55093,3.472537,3.66112,51.597878,54.4,0.15414204,-2.802124
808,55095,3.0457606,2.98139,45.256474,44.3,0.17904751,0.9564743
809,55097,3.0891948,2.84006,45.901855,42.2,0.18863612,3.7018547
810,55099,2.2982812,2.73911,34.149796,40.7,0.34986806,-6.550205
811,55101,3.225092,3.67458,47.921127,54.600002,0.18506093,-6.678875
812,55105,3.7732415,4.16587,56.065998,61.900005,0.15854399,-5.8340073
813,55107,2.6186073,2.78622,38.90947,41.4,0.20730644,-2.490532
814,55109,3.1754594,3.18329,47.183647,47.3,0.17019723,-0.11635208
815,55111,3.4252305,3.85629,50.894955,57.300003,0.1798692,-6.4050484
816,55113,2.3533397,2.80641,34.9679,41.7,0.28887576,-6.7321014
817,55115,3.3368678,3.50633,49.58199,52.100002,0.17363404,-2.518013
818,55117,3.463181,3.64093,51.45886,54.1,0.17996626,-2.64114
819,55119,2.886375,2.78622,42.888187,41.4,0.20198767,1.4881859
820,55121,3.378366,3.31789,50.198605,49.3,0.17402124,0.89860535
821,55123,3.4714155,3.58036,51.58121,53.2,0.1789253,-1.6187897
822,55127,3.564199,4.04473,52.959866,60.100002,0.15398544,-7.1401367
823,55129,2.7414536,2.76603,40.734825,41.100002,0.2509486,-0.36517715
824,55131,3.3660793,3.58709,50.016037,53.3,0.17254487,-3.2839622
825,55133,3.0633523,3.54671,45.517864,52.7,0.19676153,-7.1821365
826,55135,3.1743083,3.33135,47.166542,49.5,0.1819138,-2.333458
827,55139,3.4039726,3.5669,50.57909,53.0,0.18127058,-2.42091
828,55141,3.0321693,3.2304,45.054523,48.0,0.19658847,-2.9454765
