,FIPS,predicted_yield(t/ha),end_of_season_NASS_yield(t/ha),predicted_yield(bu/acre),end_of_season_NASS_yield(bu/acre),model_uncertainty,prediction_error(bu/acre),county_state
0,17007,4.19377,4.23317,62.31456,62.9,0.16096415,-0.5854416,"Boone County, IL"
1,17009,3.8984594,4.07838,57.92659,60.600002,0.20305613,-2.6734123,"Brown County, IL"
2,17011,4.682207,4.90617,69.572174,72.9,0.16096574,-3.3278275,"Bureau County, IL"
3,17015,4.576727,4.73119,68.00486,70.3,0.16471842,-2.2951431,"Carroll County, IL"
4,17023,3.872433,4.26009,57.539867,63.3,0.20683962,-5.760132,"Clark County, IL"
5,17025,3.316851,3.6342,49.28456,54.000004,0.20162237,-4.7154427,"Clay County, IL"
6,17027,3.5252812,3.7688,52.38159,56.0,0.20018338,-3.6184082,"Clinton County, IL"
7,17029,4.322349,4.79176,64.2251,71.2,0.18453664,-6.9748993,"Coles County, IL"
8,17031,3.0644276,2.88717,45.533844,42.9,0.26127866,2.6338425,"Cook County, IL"
9,17033,3.7625718,3.91686,55.907455,58.2,0.20015171,-2.2925453,"Crawford County, IL"
10,17041,4.387102,4.711,65.187256,70.0,0.1786854,-4.812744,"Douglas County, IL"
11,17045,4.336835,4.79176,64.44034,71.2,0.20236695,-6.759659,"Edgar County, IL"
12,17049,3.7673337,3.74861,55.978214,55.7,0.19681323,0.2782135,"Effingham County, IL"
13,17051,3.6248097,3.62074,53.860474,53.8,0.20267239,0.060474396,"Fayette County, IL"
14,17055,3.1731224,3.16983,47.148922,47.100002,0.24447684,0.048919678,"Franklin County, IL"
15,17057,4.147469,4.19952,61.626583,62.4,0.18905202,-0.7734184,"Fulton County, IL"
16,17061,4.1516514,4.74465,61.68873,70.5,0.19328852,-8.811272,"Greene County, IL"
17,17067,4.4931135,4.32739,66.76246,64.3,0.19140129,2.4624557,"Hancock County, IL"
18,17075,4.289607,4.39469,63.73859,65.3,0.17689995,-1.5614128,"Iroquois County, IL"
19,17077,3.241208,3.4323,48.160595,51.0,0.236656,-2.839405,"Jackson County, IL"
20,17081,3.0571084,3.13618,45.425087,46.6,0.25109026,-1.1749115,"Jefferson County, IL"
21,17083,3.9270527,4.28701,58.35145,63.700005,0.20368722,-5.3485527,"Jersey County, IL"
22,17085,4.0250177,3.6342,59.8071,54.000004,0.1733644,5.8070946,"Jo Daviess County, IL"
23,17089,4.2617497,4.28701,63.32466,63.700005,0.18345445,-0.37534332,"Kane County, IL"
24,17095,4.524132,4.54948,67.22336,67.6,0.18227534,-0.37664032,"Knox County, IL"
25,17097,3.2487445,3.45249,48.27258,51.300003,0.2587684,-3.0274239,"Lake County, IL"
26,17099,4.542198,4.5091,67.4918,67.0,0.16101821,0.4917984,"LaSalle County, IL"
27,17101,3.681646,3.78899,54.704994,56.3,0.20491742,-1.595005,"Lawrence County, IL"
28,17105,4.493905,4.66389,66.77422,69.299995,0.18482973,-2.525772,"Livingston County, IL"
29,17107,4.671369,4.9802,69.41113,74.0,0.17420317,-4.588867,"Logan County, IL"
30,17113,4.594233,4.99366,68.26498,74.2,0.18528561,-5.9350204,"McLean County, IL"
31,17115,4.5761595,5.23594,67.99643,77.8,0.18611972,-9.803574,"Macon County, IL"
32,17117,4.1032867,4.38123,60.970085,65.1,0.19579326,-4.1299133,"Macoupin County, IL"
33,17119,3.6068811,3.62747,53.594074,53.9,0.21237049,-0.30592728,"Madison County, IL"
34,17121,3.2967908,3.4996,48.986492,52.0,0.21641672,-3.0135078,"Marion County, IL"
35,17125,4.2008677,4.5091,62.420025,67.0,0.19467393,-4.579975,"Mason County, IL"
36,17127,3.3829367,3.33135,50.266518,49.5,0.22543536,0.76651764,"Massac County, IL"
37,17133,3.1409364,3.49287,46.670673,51.9,0.219582,-5.229328,"Monroe County, IL"
38,17135,4.1713753,4.28028,61.981804,63.600002,0.18680274,-1.6181984,"Montgomery County, IL"
39,17137,4.5320454,4.89944,67.34094,72.799995,0.19703056,-5.459053,"Morgan County, IL"
40,17143,4.469694,4.65716,66.414474,69.2,0.18533061,-2.7855225,"Peoria County, IL"
41,17145,3.192837,3.43903,47.441856,51.1,0.23498626,-3.658142,"Perry County, IL"
42,17147,4.6427135,5.22248,68.985344,77.6,0.18799537,-8.614655,"Piatt County, IL"
43,17149,4.004966,4.29374,59.50915,63.8,0.20575611,-4.290848,"Pike County, IL"
44,17151,3.3354225,3.22367,49.560513,47.9,0.25708628,1.660511,"Pope County, IL"
45,17157,3.1245024,3.38519,46.426487,50.3,0.23165062,-3.8735123,"Randolph County, IL"
46,17159,3.5854218,3.72169,53.27521,55.3,0.2000355,-2.024788,"Richland County, IL"
47,17163,3.556743,3.69477,52.84908,54.9,0.2041383,-2.0509224,"St. Clair County, IL"
48,17167,4.5899754,5.20229,68.20171,77.3,0.20378084,-9.0982895,"Sangamon County, IL"
49,17177,4.330353,4.46199,64.344025,66.299995,0.16797917,-1.9559708,"Stephenson County, IL"
50,17179,4.517669,5.04077,67.12733,74.9,0.19077063,-7.7726746,"Tazewell County, IL"
51,17183,4.3541193,4.75138,64.69717,70.6,0.18662542,-5.902832,"Vermilion County, IL"
52,17185,3.8004544,3.58709,56.47035,53.3,0.22829922,3.1703491,"Wabash County, IL"
53,17189,3.3320959,3.71496,49.51108,55.2,0.20811614,-5.688919,"Washington County, IL"
54,17191,3.3539808,3.33808,49.83627,49.6,0.22622441,0.2362709,"Wayne County, IL"
55,17193,3.6218526,3.69477,53.816532,54.9,0.24162582,-1.0834694,"White County, IL"
56,17195,4.5115147,4.71773,67.03588,70.1,0.17161587,-3.0641174,"Whiteside County, IL"
57,17197,3.723673,3.69477,55.329468,54.9,0.20925663,0.42946625,"Will County, IL"
58,17199,3.0036728,2.8939,44.631096,43.0,0.27108097,1.6310959,"Williamson County, IL"
59,17201,4.0520144,4.02454,60.208237,59.8,0.17963831,0.40823746,"Winnebago County, IL"
60,17203,4.5511885,5.00712,67.62539,74.4,0.19289236,-6.7746124,"Woodford County, IL"
61,18001,3.8920653,4.04473,57.83158,60.100002,0.17936744,-2.2684212,"Adams County, IN"
62,18003,3.7186353,3.54671,55.254612,52.7,0.19634867,2.5546112,"Allen County, IN"
63,18005,3.848999,4.34758,57.191666,64.6,0.19483374,-7.408333,"Bartholomew County, IN"
64,18007,4.40775,4.8456,65.49406,72.0,0.17480092,-6.5059433,"Benton County, IN"
65,18011,4.051238,4.38123,60.1967,65.1,0.18761344,-4.9032974,"Boone County, IN"
66,18015,4.2936735,4.38796,63.79901,65.2,0.16887827,-1.4009857,"Carroll County, IN"
67,18017,4.006214,3.91013,59.5277,58.100002,0.17986497,1.4276962,"Cass County, IN"
68,18019,3.317284,3.21694,49.290997,47.8,0.25742894,1.4909973,"Clark County, IN"
69,18021,3.8514283,3.86302,57.22776,57.4,0.21001387,-0.17224121,"Clay County, IN"
70,18023,4.212264,4.34758,62.589363,64.6,0.16311292,-2.0106354,"Clinton County, IN"
71,18027,3.7489636,3.76207,55.705254,55.9,0.21884866,-0.19474792,"Daviess County, IN"
72,18029,3.3935688,3.29097,50.4245,48.9,0.23578373,1.524498,"Dearborn County, IN"
73,18031,4.172611,4.63697,62.000168,68.9,0.17135063,-6.8998337,"Decatur County, IN"
74,18035,3.9948387,4.1053,59.358673,61.0,0.20178254,-1.6413269,"Delaware County, IN"
75,18037,3.7134697,3.85629,55.177856,57.300003,0.21576905,-2.1221466,"Dubois County, IN"
76,18039,3.5474799,3.82264,52.71144,56.8,0.20268321,-4.088558,"Elkhart County, IN"
77,18041,4.1087904,3.95724,61.051865,58.800003,0.18041788,2.2518616,"Fayette County, IN"
78,18047,3.8183882,3.99089,56.736824,59.3,0.18781014,-2.5631752,"Franklin County, IN"
79,18049,3.97389,3.64766,59.0474,54.2,0.17691916,4.8474007,"Fulton County, IN"
80,18051,3.7930343,4.03127,56.360096,59.9,0.2222338,-3.5399055,"Gibson County, IN"
81,18053,4.004467,3.93705,59.50174,58.500004,0.18069406,1.0017357,"Grant County, IN"
82,18055,3.5585985,4.05146,52.87665,60.199997,0.2196951,-7.323345,"Greene County, IN"
83,18057,3.780758,4.39469,56.17768,65.3,0.2098953,-9.122322,"Hamilton County, IN"
84,18059,3.8572025,3.87648,57.31356,57.600002,0.20426424,-0.2864418,"Hancock County, IN"
85,18063,3.9671404,4.19279,58.94711,62.3,0.19801046,-3.35289,"Hendricks County, IN"
86,18067,4.167863,4.50237,61.92961,66.9,0.17196742,-4.9703903,"Howard County, IN"
87,18069,3.7247345,3.4323,55.345238,51.0,0.18015298,4.3452377,"Huntington County, IN"
88,18071,3.8365002,4.36104,57.005947,64.8,0.18925425,-7.794056,"Jackson County, IN"
89,18075,3.764998,3.68804,55.94351,54.8,0.18654463,1.1435089,"Jay County, IN"
90,18079,3.4900887,3.7688,51.858673,56.0,0.19486481,-4.141327,"Jennings County, IN"
91,18081,3.8554478,4.30047,57.287487,63.899998,0.22304872,-6.6125107,"Johnson County, IN"
92,18083,3.8508644,4.04473,57.219383,60.100002,0.20338243,-2.880619,"Knox County, IN"
93,18085,3.725969,3.65439,55.363583,54.300003,0.187421,1.0635796,"Kosciusko County, IN"
94,18087,3.748819,3.61401,55.703106,53.7,0.19072668,2.0031052,"LaGrange County, IN"
95,18089,3.669764,3.51306,54.528442,52.2,0.22421579,2.3284416,"Lake County, IN"
96,18091,3.7425377,3.6342,55.609776,54.000004,0.18142572,1.6097717,"LaPorte County, IN"
97,18095,4.1308174,4.63024,61.379158,68.8,0.19027133,-7.420845,"Madison County, IN"
98,18097,3.2837224,3.76207,48.79231,55.9,0.29130936,-7.1076927,"Marion County, IN"
99,18099,3.8227742,3.18329,56.801994,47.3,0.17553839,9.501995,"Marshall County, IN"
100,18103,3.7651865,3.8361,55.94631,57.000004,0.18420973,-1.0536957,"Miami County, IN"
101,18105,3.4156282,3.7688,50.752277,56.0,0.27110088,-5.2477226,"Monroe County, IN"
102,18107,4.3040137,4.41488,63.952656,65.6,0.17713486,-1.6473427,"Montgomery County, IN"
103,18109,4.0206842,4.32739,59.74271,64.3,0.20441136,-4.557293,"Morgan County, IN"
104,18111,4.0475187,3.94378,60.141438,58.6,0.18184759,1.541439,"Newton County, IN"
105,18113,3.6231682,3.39865,53.836082,50.5,0.1826001,3.3360825,"Noble County, IN"
106,18115,3.2162507,2.57759,47.789757,38.3,0.29080644,9.489758,"Ohio County, IN"
107,18119,3.541211,3.37173,52.61829,50.100002,0.2540047,2.5182877,"Owen County, IN"
108,18123,3.4526799,3.45249,51.302822,51.300003,0.26930732,0.0028190613,"Perry County, IN"
109,18125,3.4708805,3.78226,51.57326,56.2,0.22543591,-4.6267395,"Pike County, IN"
110,18129,3.838705,4.27355,57.038708,63.5,0.21976572,-6.4612923,"Posey County, IN"
111,18131,3.6365356,3.91686,54.034706,58.2,0.19522868,-4.1652946,"Pulaski County, IN"
112,18133,3.981275,4.19279,59.157135,62.3,0.19839792,-3.1428642,"Putnam County, IN"
113,18135,4.0948896,4.1726,60.845314,61.999996,0.18008299,-1.1546822,"Randolph County, IN"
114,18137,3.5801706,3.47268,53.197186,51.600002,0.18984228,1.5971832,"Ripley County, IN"
115,18139,4.321826,4.49564,64.21732,66.799995,0.17378902,-2.582672,"Rush County, IN"
116,18141,3.6028957,3.19002,53.534855,47.4,0.19491243,6.1348534,"St. Joseph County, IN"
117,18143,3.4540873,3.47268,51.323734,51.600002,0.22021152,-0.276268,"Scott County, IN"
118,18145,4.095171,4.28701,60.849495,63.700005,0.18867615,-2.8505096,"Shelby County, IN"
119,18147,3.6318629,3.64766,53.965275,54.2,0.20421389,-0.23472595,"Spencer County, IN"
120,18151,3.6313915,3.26405,53.95827,48.5,0.1810126,5.458271,"Steuben County, IN"
121,18153,3.752341,4.15241,55.75544,61.7,0.22042923,-5.944561,"Sullivan County, IN"
122,18155,3.2869022,2.84006,48.839558,42.2,0.2910487,6.639557,"Switzerland County, IN"
123,18157,4.1760273,4.15914,62.050926,61.800003,0.18430114,0.25092316,"Tippecanoe County, IN"
124,18159,4.318053,4.50237,64.16126,66.9,0.1777723,-2.738739,"Tipton County, IN"
125,18161,4.1629286,4.19952,61.856293,62.4,0.16626136,-0.5437088,"Union County, IN"
126,18163,3.828086,3.93705,56.88092,58.500004,0.2096943,-1.6190834,"Vanderburgh County, IN"
127,18167,3.556319,3.8361,52.842777,57.000004,0.22614905,-4.1572266,"Vigo County, IN"
128,18169,3.7196434,3.41884,55.26959,50.8,0.18116508,4.469589,"Wabash County, IN"
129,18173,3.5078702,3.71496,52.122887,55.2,0.22864284,-3.077114,"Warrick County, IN"
130,18175,3.7079995,3.88994,55.096577,57.8,0.20400658,-2.7034225,"Washington County, IN"
131,18177,3.981107,3.74188,59.154636,55.6,0.18995205,3.554638,"Wayne County, IN"
132,18179,4.1373415,3.95724,61.4761,58.800003,0.1768643,2.6760979,"Wells County, IN"
133,18183,3.5007446,2.86025,52.017006,42.5,0.18478905,9.517006,"Whitley County, IN"
134,19001,3.932257,4.05146,58.42878,60.199997,0.17979221,-1.7712173,"Adair County, IA"
135,19005,3.780503,3.84283,56.173893,57.1,0.16171116,-0.9261055,"Allamakee County, IA"
136,19009,4.3231287,4.34758,64.23668,64.6,0.16721466,-0.3633194,"Audubon County, IA"
137,19013,4.071659,3.84956,60.500137,57.2,0.17240052,3.3001366,"Black Hawk County, IA"
138,19015,4.3756323,4.46199,65.01682,66.299995,0.19018857,-1.2831726,"Boone County, IA"
139,19017,3.9520528,3.82937,58.722927,56.9,0.16307165,1.8229256,"Bremer County, IA"
140,19019,4.086771,4.03127,60.72468,59.9,0.16251923,0.8246803,"Buchanan County, IA"
141,19023,4.0753975,3.92359,60.555683,58.3,0.17571598,2.255684,"Butler County, IA"
142,19025,4.3889384,4.21298,65.21454,62.6,0.1877124,2.61454,"Calhoun County, IA"
143,19027,4.4471917,4.54948,66.08012,67.6,0.18651314,-1.5198822,"Carroll County, IA"
144,19029,4.199872,4.11203,62.40523,61.100002,0.18081087,1.3052292,"Cass County, IA"
145,19031,4.5398755,4.47545,67.45729,66.5,0.16620305,0.95729065,"Cedar County, IA"
146,19035,4.3416195,4.05146,64.51144,60.199997,0.15851247,4.3114395,"Cherokee County, IA"
147,19037,3.7883377,3.93032,56.29031,58.4,0.15257822,-2.1096916,"Chickasaw County, IA"
148,19041,3.75894,3.32462,55.853493,49.4,0.15891925,6.453491,"Clay County, IA"
149,19045,4.557229,4.38796,67.71514,65.2,0.16762026,2.5151443,"Clinton County, IA"
150,19047,4.4406214,4.20625,65.98249,62.500004,0.17422605,3.4824867,"Crawford County, IA"
151,19049,4.3519163,4.34085,64.66444,64.5,0.19865952,0.16443634,"Dallas County, IA"
152,19051,3.699062,3.97743,54.963776,59.100002,0.19700086,-4.1362267,"Davis County, IA"
153,19053,3.384761,3.44576,50.29363,51.2,0.21383245,-0.9063721,"Decatur County, IA"
154,19055,4.2032337,4.09857,62.45518,60.899998,0.16290885,1.5551834,"Delaware County, IA"
155,19059,3.5356612,3.10253,52.535828,46.100002,0.15132116,6.4358253,"Dickinson County, IA"
156,19065,3.8755274,3.78899,57.585846,56.3,0.15543129,1.2858467,"Fayette County, IA"
157,19067,3.8817306,3.74188,57.678017,55.6,0.16698022,2.0780182,"Floyd County, IA"
158,19069,4.1130047,3.91686,61.114483,58.2,0.15874287,2.914482,"Franklin County, IA"
159,19073,4.4336877,4.15914,65.87946,61.800003,0.18120544,4.07946,"Greene County, IA"
160,19079,4.25996,3.94378,63.298073,58.6,0.17047316,4.6980743,"Hamilton County, IA"
161,19081,4.1221256,3.91686,61.25001,58.2,0.15479527,3.0500107,"Hancock County, IA"
162,19087,4.3404408,4.46872,64.49392,66.4,0.17496225,-1.9060822,"Henry County, IA"
163,19089,3.7881558,3.71496,56.287605,55.2,0.13883588,1.0876045,"Howard County, IA"
164,19091,3.9630353,3.81591,58.886112,56.7,0.1874146,2.1861115,"Humboldt County, IA"
165,19093,4.5651426,4.27355,67.832726,63.5,0.16416325,4.3327255,"Ida County, IA"
166,19095,4.1628027,4.09857,61.854424,60.899998,0.18160322,0.9544258,"Iowa County, IA"
167,19097,4.1065893,4.34758,61.019157,64.6,0.17374492,-3.580841,"Jackson County, IA"
168,19101,4.0459394,4.07165,60.117973,60.5,0.18498518,-0.38202667,"Jefferson County, IA"
169,19103,4.273564,4.27355,63.500206,63.5,0.18584794,0.00020599365,"Johnson County, IA"
170,19105,4.3378487,4.29374,64.45541,63.8,0.16933046,0.65540695,"Jones County, IA"
171,19107,4.1123104,4.24663,61.104168,63.100002,0.17790836,-1.9958344,"Keokuk County, IA"
172,19111,4.1122894,4.50237,61.103855,66.9,0.18850318,-5.7961464,"Lee County, IA"
173,19115,4.3081503,4.33412,64.01412,64.399994,0.17875384,-0.3858719,"Louisa County, IA"
174,19123,4.233848,4.48891,62.910076,66.700005,0.20073764,-3.7899284,"Mahaska County, IA"
175,19125,3.9544513,4.28028,58.758564,63.600002,0.2070163,-4.8414383,"Marion County, IA"
176,19129,4.3433905,4.11203,64.53775,61.100002,0.2155085,3.437748,"Mills County, IA"
177,19131,4.0484123,4.1726,60.154716,61.999996,0.15608631,-1.8452797,"Mitchell County, IA"
178,19133,4.0976334,3.71496,60.88608,55.2,0.24111168,5.686081,"Monona County, IA"
179,19135,3.5426505,3.78899,52.63968,56.3,0.21706864,-3.6603203,"Monroe County, IA"
180,19137,4.335349,4.14568,64.41827,61.6,0.19129658,2.8182678,"Montgomery County, IA"
181,19139,4.4863873,4.21298,66.66251,62.6,0.18619752,4.0625153,"Muscatine County, IA"
182,19141,4.1695423,3.79572,61.954567,56.4,0.14090998,5.5545654,"O'Brien County, IA"
183,19145,4.2508545,4.03127,63.162773,59.9,0.19469674,3.2627716,"Page County, IA"
184,19147,3.9256966,3.61401,58.331303,53.7,0.174481,4.631302,"Palo Alto County, IA"
185,19151,4.2709403,3.91013,63.461224,58.100002,0.18730997,5.3612213,"Pocahontas County, IA"
186,19153,4.065852,4.15241,60.413853,61.7,0.20533621,-1.2861481,"Polk County, IA"
187,19155,4.2929792,4.18606,63.788696,62.2,0.20237848,1.5886955,"Pottawattamie County, IA"
188,19157,4.2698274,4.14568,63.444687,61.6,0.1795782,1.8446884,"Poweshiek County, IA"
189,19161,4.4370737,4.3072,65.92977,64.0,0.1783478,1.9297714,"Sac County, IA"
190,19163,4.666379,4.71773,69.33698,70.1,0.18289448,-0.76301575,"Scott County, IA"
191,19165,4.4375815,4.29374,65.93732,63.8,0.16963135,2.1373177,"Shelby County, IA"
192,19169,4.196435,4.25336,62.35416,63.199997,0.18317343,-0.84583664,"Story County, IA"
193,19173,3.8475435,4.14568,57.170036,61.6,0.20620027,-4.429962,"Taylor County, IA"
194,19177,3.8870394,4.13222,57.7569,61.399998,0.1897617,-3.643097,"Van Buren County, IA"
195,19185,3.566317,3.80918,52.99134,56.600002,0.2011483,-3.6086617,"Wayne County, IA"
196,19187,4.2393312,4.02454,62.99155,59.8,0.18472123,3.1915512,"Webster County, IA"
197,19189,3.9412405,3.62074,58.562267,53.8,0.1359657,4.762268,"Winnebago County, IA"
198,19191,3.8445094,3.7015,57.124954,55.0,0.15319319,2.1249542,"Winneshiek County, IA"
199,19193,4.2754364,3.95724,63.52803,58.800003,0.18399793,4.7280273,"Woodbury County, IA"
200,19195,3.9228454,3.80918,58.288937,56.600002,0.14563012,1.6889343,"Worth County, IA"
201,19197,4.0578327,3.73515,60.294693,55.500004,0.1722046,4.794689,"Wright County, IA"
202,20001,2.3642664,1.78345,35.13026,26.5,0.31729695,8.63026,"Allen County, KS"
203,20003,2.9009476,2.42953,43.10472,36.1,0.32424217,7.0047226,"Anderson County, KS"
204,20005,3.701089,3.62074,54.993893,53.8,0.33337945,1.1938934,"Atchison County, KS"
205,20009,2.5601516,2.24782,38.040886,33.399998,0.33779946,4.640888,"Barton County, KS"
206,20011,2.3522716,1.37292,34.95203,20.400002,0.3123876,14.552029,"Bourbon County, KS"
207,20013,4.058742,3.9707,60.308205,59.0,0.33795235,1.3082047,"Brown County, KS"
208,20015,2.3300982,2.02573,34.62256,30.099998,0.3643192,4.52256,"Butler County, KS"
209,20017,3.142557,2.8939,46.694756,43.0,0.3009847,3.6947556,"Chase County, KS"
210,20027,3.3296306,2.692,49.474453,40.0,0.33753926,9.474453,"Clay County, KS"
211,20029,2.7764816,2.20744,41.2553,32.8,0.3025034,8.455299,"Cloud County, KS"
212,20031,2.7334695,1.91132,40.616188,28.4,0.32404342,12.216188,"Coffey County, KS"
213,20035,2.1900983,1.08353,32.542324,16.099998,0.30721888,16.442326,"Cowley County, KS"
214,20041,2.5115817,2.019,37.319195,30.000002,0.29699776,7.319193,"Dickinson County, KS"
215,20045,3.0051577,2.54394,44.65316,37.800003,0.3356707,6.853157,"Douglas County, KS"
216,20047,3.7029057,3.40538,55.020885,50.600002,0.786162,4.420883,"Edwards County, KS"
217,20049,2.2045126,1.15756,32.756504,17.2,0.30217516,15.556503,"Elk County, KS"
218,20059,2.9618602,2.61124,44.00981,38.8,0.3009048,5.209812,"Franklin County, KS"
219,20061,3.4293394,2.61124,50.95601,38.8,0.3175276,12.15601,"Geary County, KS"
220,20073,2.4602242,1.81037,36.55608,26.9,0.29607078,9.65608,"Greenwood County, KS"
221,20085,3.4495268,2.90063,51.25597,43.100002,0.32274356,8.155968,"Jackson County, KS"
222,20091,2.7533512,1.80364,40.91161,26.800001,0.34708643,14.1116085,"Johnson County, KS"
223,20095,1.9259324,2.1536,28.617125,32.0,0.4548205,-3.3828754,"Kingman County, KS"
224,20099,2.0754557,1.38638,30.838865,20.6,0.28583986,10.238865,"Labette County, KS"
225,20103,3.2684278,3.2304,48.565052,48.0,0.29127946,0.56505203,"Leavenworth County, KS"
226,20105,2.4909983,1.80364,37.013348,26.800001,0.26995313,10.2133465,"Lincoln County, KS"
227,20111,3.080273,2.42953,45.769287,36.1,0.32602325,9.669289,"Lyon County, KS"
228,20113,2.3667555,2.36896,35.167244,35.2,0.2833723,-0.032756805,"McPherson County, KS"
229,20115,2.552157,2.24782,37.922096,33.399998,0.32687756,4.5220985,"Marion County, KS"
230,20121,2.7566376,1.75653,40.96044,26.1,0.29556155,14.860441,"Miami County, KS"
231,20123,2.2521405,1.31908,33.4642,19.6,0.26952508,13.864199,"Mitchell County, KS"
232,20125,2.075553,1.46041,30.840311,21.7,0.2584306,9.14031,"Montgomery County, KS"
233,20127,2.9654112,2.17379,44.062572,32.3,0.2767369,11.762573,"Morris County, KS"
234,20131,3.7224033,3.23713,55.3106,48.1,0.33601323,7.210602,"Nemaha County, KS"
235,20133,2.2443666,1.77672,33.348686,26.400002,0.30106458,6.9486847,"Neosho County, KS"
236,20139,2.935257,2.58432,43.614517,38.4,0.32086238,5.2145157,"Osage County, KS"
237,20143,2.5271673,2.019,37.550777,30.000002,0.29172018,7.5507755,"Ottawa County, KS"
238,20151,3.3058846,2.71219,49.121613,40.3,0.71217376,8.821613,"Pratt County, KS"
239,20155,2.4163523,2.51029,35.904194,37.3,0.43915626,-1.3958054,"Reno County, KS"
240,20159,2.259188,1.79691,33.568916,26.7,0.32299462,6.8689156,"Rice County, KS"
241,20161,3.5570195,2.88717,52.853188,42.9,0.3530054,9.953186,"Riley County, KS"
242,20167,2.4242992,2.44972,36.022278,36.399998,0.3241092,-0.37771988,"Russell County, KS"
243,20169,2.3733265,1.39311,35.26488,20.7,0.28202143,14.56488,"Saline County, KS"
244,20175,3.8423464,3.93705,57.092815,58.500004,0.4810322,-1.4071884,"Seward County, KS"
245,20177,3.2555816,2.30166,48.37417,34.2,0.37407628,14.174168,"Shawnee County, KS"
246,20183,3.1385226,2.64489,46.634808,39.300003,0.27131537,7.3348045,"Smith County, KS"
247,20191,1.6768974,0.8749,24.916752,13.0,0.36393434,11.916752,"Sumner County, KS"
248,20197,3.2816672,2.52375,48.761772,37.5,0.37605226,11.261772,"Wabaunsee County, KS"
249,20205,2.156119,1.70942,32.03743,25.4,0.30051836,6.63743,"Wilson County, KS"
250,26007,3.0364513,2.27474,45.11815,33.8,0.23406737,11.31815,"Alpena County, MI"
251,26011,3.3172612,3.10926,49.290657,46.2,0.2042578,3.0906563,"Arenac County, MI"
252,26015,3.5977652,3.41211,53.458622,50.7,0.20903781,2.7586212,"Barry County, MI"
253,26017,3.679885,3.77553,54.678825,56.100002,0.18980753,-1.4211769,"Bay County, MI"
254,26021,3.2713132,2.7593,48.60792,41.0,0.22556739,7.6079216,"Berrien County, MI"
255,26023,3.7078521,3.11599,55.094387,46.3,0.1834871,8.794388,"Branch County, MI"
256,26025,3.4178317,2.99485,50.78502,44.5,0.1911532,6.285019,"Calhoun County, MI"
257,26027,3.5185199,3.30443,52.281128,49.100002,0.20928524,3.1811256,"Cass County, MI"
258,26035,3.0206463,2.93428,44.883305,43.6,0.2598264,1.2833061,"Clare County, MI"
259,26037,3.6779432,3.0958,54.649975,46.0,0.18289094,8.649975,"Clinton County, MI"
260,26045,3.6070151,3.7015,53.596066,55.0,0.18786705,-1.4039345,"Eaton County, MI"
261,26049,3.3859375,2.88717,50.311108,42.9,0.2092144,7.411106,"Genesee County, MI"
262,26051,3.3657744,3.33135,50.01151,49.5,0.23651321,0.51150894,"Gladwin County, MI"
263,26055,2.85091,2.47664,42.361217,36.8,0.28023073,5.5612183,"Grand Traverse County, MI"
264,26057,3.8084135,3.75534,56.58861,55.800003,0.18817958,0.78860855,"Gratiot County, MI"
265,26059,3.4735968,3.51979,51.613625,52.3,0.19554764,-0.68637466,"Hillsdale County, MI"
266,26063,3.7412646,3.84956,55.590855,57.2,0.1809741,-1.6091461,"Huron County, MI"
267,26065,3.730323,3.28424,55.42828,48.8,0.18023092,6.6282806,"Ingham County, MI"
268,26067,3.77012,3.7688,56.01961,56.0,0.19682917,0.019611359,"Ionia County, MI"
269,26075,3.290049,3.2304,48.88632,48.0,0.20839575,0.8863182,"Jackson County, MI"
270,26087,3.4991474,3.1631,51.993275,47.0,0.18367352,4.9932747,"Lapeer County, MI"
271,26091,3.3936143,3.22367,50.425175,47.9,0.20192501,2.5251732,"Lenawee County, MI"
272,26093,3.5086234,3.26405,52.13408,48.5,0.19262272,3.634079,"Livingston County, MI"
273,26099,3.2905314,3.13618,48.893482,46.6,0.24888048,2.2934837,"Macomb County, MI"
274,26105,3.0266585,3.06215,44.972637,45.5,0.25670475,-0.5273628,"Mason County, MI"
275,26111,3.5570328,3.41211,52.853386,50.7,0.21067122,2.1533852,"Midland County, MI"
276,26115,3.3639886,2.8939,49.984974,43.0,0.22402506,6.984974,"Monroe County, MI"
277,26117,3.4567616,3.46595,51.363472,51.5,0.23279096,-0.13652802,"Montcalm County, MI"
278,26119,3.0930436,2.63143,45.95904,39.1,0.21525447,6.859043,"Montmorency County, MI"
279,26121,3.29825,3.37173,49.00817,50.100002,0.25838837,-1.0918312,"Muskegon County, MI"
280,26123,3.3065965,3.19675,49.13219,47.5,0.25949985,1.6321907,"Newaygo County, MI"
281,26125,3.1483731,3.11599,46.781178,46.3,0.27736193,0.48117828,"Oakland County, MI"
282,26127,2.9775503,2.94774,44.242947,43.800003,0.26887718,0.44294357,"Oceana County, MI"
283,26129,3.2210639,3.13618,47.861275,46.6,0.22844817,1.2612762,"Ogemaw County, MI"
284,26133,2.7297623,3.15637,40.561104,46.899998,0.2858025,-6.338894,"Osceola County, MI"
285,26139,3.5374534,3.41211,52.562458,50.7,0.24385682,1.8624573,"Ottawa County, MI"
286,26141,2.7233105,2.11322,40.465237,31.4,0.27145302,9.065237,"Presque Isle County, MI"
287,26145,3.6750498,3.45922,54.60698,51.399998,0.19242302,3.2069817,"Saginaw County, MI"
288,26147,3.2453742,2.9612,48.2225,44.0,0.21023048,4.2225,"St. Clair County, MI"
289,26149,3.6178343,3.35154,53.756824,49.800003,0.20686282,3.9568214,"St. Joseph County, MI"
290,26151,3.7003293,3.51979,54.982605,52.3,0.16502441,2.6826057,"Sanilac County, MI"
291,26155,3.6689875,3.0958,54.516903,46.0,0.17042938,8.516903,"Shiawassee County, MI"
292,26157,3.6948304,3.62074,54.900898,53.8,0.17699607,1.1008987,"Tuscola County, MI"
293,26161,3.2460604,3.35827,48.232697,49.899998,0.22557089,-1.6673012,"Washtenaw County, MI"
294,26163,2.9010375,2.63143,43.106056,39.1,0.32510614,4.0060577,"Wayne County, MI"
295,27001,2.5816636,2.20071,38.36053,32.7,0.16308722,5.66053,"Aitkin County, MN"
296,27003,3.024244,2.65162,44.936764,39.399998,0.2128299,5.536766,"Anoka County, MN"
297,27005,3.1311069,2.59105,46.52462,38.5,0.15775439,8.02462,"Becker County, MN"
298,27007,2.837361,1.93824,42.159897,28.800001,0.24827728,13.359896,"Beltrami County, MN"
299,27009,3.4011054,3.2977,50.536484,49.0,0.18290102,1.5364838,"Benton County, MN"
300,27011,3.5958025,2.53721,53.42946,37.7,0.16546775,15.729458,"Big Stone County, MN"
301,27013,3.7235563,3.42557,55.327732,50.9,0.1464137,4.4277306,"Blue Earth County, MN"
302,27015,3.7621715,3.29097,55.90151,48.9,0.13786177,7.001507,"Brown County, MN"
303,27019,3.7815259,3.51979,56.18909,52.3,0.13477573,3.8890915,"Carver County, MN"
304,27021,2.9607012,1.87767,43.992588,27.900002,0.21791984,16.092587,"Cass County, MN"
305,27025,3.108117,2.51702,46.183018,37.4,0.18956418,8.783016,"Chisago County, MN"
306,27027,3.368724,2.58432,50.055336,38.4,0.17808257,11.655334,"Clay County, MN"
307,27029,3.0400312,2.56413,45.17134,38.100002,0.17958851,7.0713387,"Clearwater County, MN"
308,27033,3.8716567,3.22367,57.52833,47.9,0.1420782,9.62833,"Cottonwood County, MN"
309,27037,3.6561232,3.82264,54.325752,56.8,0.18638782,-2.474247,"Dakota County, MN"
310,27039,3.864039,3.64766,57.415142,54.2,0.14765507,3.2151413,"Dodge County, MN"
311,27045,3.8662376,3.82264,57.44781,56.8,0.14918195,0.6478119,"Fillmore County, MN"
312,27047,3.796578,3.60055,56.41275,53.5,0.13686459,2.9127502,"Freeborn County, MN"
313,27049,3.8176544,3.79572,56.72592,56.4,0.14842483,0.3259201,"Goodhue County, MN"
314,27051,3.6066842,2.85352,53.59115,42.399998,0.16429627,11.191151,"Grant County, MN"
315,27053,3.5207353,3.13618,52.314045,46.6,0.17632571,5.7140465,"Hennepin County, MN"
316,27057,3.0708804,2.20744,45.629723,32.8,0.1858217,12.829723,"Hubbard County, MN"
317,27059,3.1394532,2.38915,46.648636,35.5,0.1799045,11.148636,"Isanti County, MN"
318,27061,2.8776205,1.93824,42.758106,28.800001,0.23919734,13.958105,"Itasca County, MN"
319,27063,3.6596634,2.8266,54.378357,42.0,0.14816256,12.378357,"Jackson County, MN"
320,27067,3.603101,3.20348,53.537907,47.600002,0.140731,5.9379044,"Kandiyohi County, MN"
321,27069,3.2805536,2.61124,48.745224,38.8,0.17975135,9.945225,"Kittson County, MN"
322,27071,2.604494,1.6825,38.699764,25.0,0.25153235,13.699764,"Koochiching County, MN"
323,27073,3.8404925,3.13618,57.06527,46.6,0.16333279,10.465271,"Lac qui Parle County, MN"
324,27079,3.7733915,3.25732,56.068226,48.399998,0.13932267,7.668228,"Le Sueur County, MN"
325,27085,3.639268,2.92755,54.075302,43.5,0.1288378,10.575302,"McLeod County, MN"
326,27087,3.1099138,2.49683,46.209717,37.1,0.16387345,9.109718,"Mahnomen County, MN"
327,27089,3.0756528,2.59778,45.700638,38.6,0.19183576,7.1006393,"Marshall County, MN"
328,27095,3.2472022,2.72565,48.24966,40.5,0.18717374,7.7496605,"Mille Lacs County, MN"
329,27097,3.338171,3.21694,49.601353,47.8,0.18874979,1.8013535,"Morrison County, MN"
330,27099,3.8395193,3.80918,57.050808,56.600002,0.14763038,0.45080566,"Mower County, MN"
331,27103,3.9304607,3.60728,58.402092,53.600002,0.12703548,4.8020897,"Nicollet County, MN"
332,27105,3.7555218,2.97466,55.8027,44.2,0.13827293,11.602699,"Nobles County, MN"
333,27107,3.1090915,2.30839,46.1975,34.3,0.18494841,11.897499,"Norman County, MN"
334,27113,2.6072936,2.4901,38.74136,37.0,0.20147948,1.7413597,"Pennington County, MN"
335,27115,3.159599,2.42953,46.94798,36.1,0.188093,10.8479805,"Pine County, MN"
336,27119,3.073578,2.88044,45.669807,42.8,0.17950948,2.8698082,"Polk County, MN"
337,27121,3.6869001,3.02177,54.783062,44.9,0.1510485,9.88306,"Pope County, MN"
338,27125,2.8131037,2.83333,41.79946,42.1,0.21040498,-0.3005371,"Red Lake County, MN"
339,27129,3.6459181,3.01504,54.174118,44.8,0.1294741,9.374119,"Renville County, MN"
340,27131,3.5809062,3.06888,53.208115,45.600002,0.14391173,7.6081123,"Rice County, MN"
341,27135,2.9613721,2.48337,44.00256,36.9,0.18362238,7.102558,"Roseau County, MN"
342,27139,3.6911402,3.35827,54.846066,49.899998,0.14413014,4.946068,"Scott County, MN"
343,27141,3.0409515,3.00831,45.185017,44.7,0.2150531,0.48501587,"Sherburne County, MN"
344,27143,3.6430914,3.12272,54.13212,46.4,0.13038611,7.7321167,"Sibley County, MN"
345,27145,3.6712842,3.23713,54.55103,48.1,0.15282941,6.4510307,"Stearns County, MN"
346,27147,3.7193644,3.29097,55.265446,48.9,0.13846646,6.365444,"Steele County, MN"
347,27149,3.7132149,2.86698,55.17407,42.600002,0.15855248,12.574066,"Stevens County, MN"
348,27151,3.7380185,2.92755,55.54262,43.5,0.15000863,12.042622,"Swift County, MN"
349,27153,3.1937544,2.40934,47.45549,35.8,0.18198003,11.655491,"Todd County, MN"
350,27161,3.7434757,3.35154,55.62371,49.800003,0.13729237,5.8237076,"Waseca County, MN"
351,27163,3.486063,3.45922,51.798855,51.399998,0.19608544,0.39885712,"Washington County, MN"
352,27165,3.9089847,3.4996,58.08298,52.0,0.15032429,6.082981,"Watonwan County, MN"
353,27167,3.2792814,2.57759,48.726322,38.3,0.1915261,10.426323,"Wilkin County, MN"
354,27169,3.8582842,3.73515,57.32963,55.500004,0.1533063,1.829628,"Winona County, MN"
355,29005,4.3388605,4.1726,64.470436,61.999996,0.238828,2.47044,"Atchison County, MO"
356,29007,3.5249593,3.47941,52.376812,51.7,0.20978002,0.6768112,"Audrain County, MO"
357,29011,2.4774034,2.14687,36.811344,31.9,0.2952356,4.9113445,"Barton County, MO"
358,29019,3.2638035,3.22367,48.496338,47.9,0.24462089,0.59633636,"Boone County, MO"
359,29021,3.8932087,3.95724,57.84857,58.800003,0.2504579,-0.9514313,"Buchanan County, MO"
360,29025,3.4256866,3.43903,50.901733,51.1,0.22491874,-0.19826508,"Caldwell County, MO"
361,29027,3.3444965,3.25732,49.695343,48.399998,0.2329041,1.2953453,"Callaway County, MO"
362,29031,2.8857522,2.59105,42.878933,38.5,0.2691158,4.378933,"Cape Girardeau County, MO"
363,29033,3.7216551,3.82937,55.299484,56.9,0.23317729,-1.6005173,"Carroll County, MO"
364,29037,2.836331,2.2882,42.14459,34.0,0.284063,8.144588,"Cass County, MO"
365,29039,2.4778252,1.77672,36.81761,26.400002,0.32206884,10.41761,"Cedar County, MO"
366,29045,3.6115506,3.85629,53.663456,57.300003,0.21405557,-3.636547,"Clark County, MO"
367,29047,3.297419,3.58709,48.995827,53.3,0.2727516,-4.3041725,"Clay County, MO"
368,29049,3.78113,4.07838,56.183212,60.600002,0.23467721,-4.41679,"Clinton County, MO"
369,29051,3.0692594,3.35154,45.605637,49.800003,0.28212494,-4.1943665,"Cole County, MO"
370,29053,3.3373795,3.33808,49.589592,49.6,0.25077283,-0.010406494,"Cooper County, MO"
371,29057,2.5653238,1.93824,38.11774,28.800001,0.30164593,9.3177395,"Dade County, MO"
372,29061,3.5553188,3.56017,52.82792,52.899998,0.21585067,-0.072078705,"Daviess County, MO"
373,29069,3.1800778,3.4323,47.25227,51.0,0.2649686,-3.7477303,"Dunklin County, MO"
374,29071,3.0688777,2.67181,45.599968,39.7,0.28220868,5.899967,"Franklin County, MO"
375,29077,2.6994748,2.18725,40.11107,32.5,0.33723834,7.6110687,"Greene County, MO"
376,29079,3.4879415,3.4323,51.826767,51.0,0.20517854,0.82676697,"Grundy County, MO"
377,29095,3.2054498,2.53721,47.62927,37.7,0.28334463,9.929268,"Jackson County, MO"
378,29097,2.330802,1.78345,34.633015,26.5,0.32362422,8.133015,"Jasper County, MO"
379,29101,2.9268262,3.04869,43.489246,45.300003,0.27651542,-1.8107567,"Johnson County, MO"
380,29105,2.840449,3.38519,42.205784,50.3,0.30369002,-8.094215,"Laclede County, MO"
381,29107,3.768727,3.73515,55.998917,55.500004,0.24644165,0.4989128,"Lafayette County, MO"
382,29109,2.4420867,2.26128,36.28658,33.600002,0.35589716,2.6865768,"Lawrence County, MO"
383,29111,3.430482,3.49287,50.972984,51.9,0.21332403,-0.9270172,"Lewis County, MO"
384,29113,3.0088532,2.9612,44.708073,44.0,0.23314574,0.70807266,"Lincoln County, MO"
385,29117,3.646753,3.58036,54.186523,53.2,0.20307928,0.9865227,"Livingston County, MO"
386,29131,2.9871438,3.33135,44.385494,49.5,0.3148458,-5.114506,"Miller County, MO"
387,29133,3.2180843,3.68804,47.817005,54.8,0.23912366,-6.982994,"Mississippi County, MO"
388,29135,3.026491,2.86025,44.970146,42.5,0.2701868,2.4701462,"Moniteau County, MO"
389,29137,3.4008553,3.27078,50.53277,48.600002,0.2177957,1.932766,"Monroe County, MO"
390,29143,3.0487893,3.53325,45.301476,52.500004,0.23601961,-7.1985283,"New Madrid County, MO"
391,29151,2.9242418,3.04869,43.450844,45.300003,0.28486615,-1.8491592,"Osage County, MO"
392,29155,3.4263418,3.12272,50.91147,46.4,0.2550955,4.511467,"Pemiscot County, MO"
393,29163,3.2303822,3.0958,47.999737,46.0,0.22381364,1.9997368,"Pike County, MO"
394,29165,3.6399543,3.21021,54.085503,47.7,0.2880696,6.385502,"Platte County, MO"
395,29167,2.4309633,2.32185,36.121296,34.5,0.34681556,1.6212959,"Polk County, MO"
396,29171,3.0857425,3.19675,45.850555,47.5,0.24051857,-1.6494446,"Putnam County, MO"
397,29173,3.5489318,3.26405,52.733013,48.5,0.21743298,4.233013,"Ralls County, MO"
398,29175,3.2427955,3.56017,48.18418,52.899998,0.23813894,-4.7158165,"Randolph County, MO"
399,29177,3.5953696,3.28424,53.423027,48.8,0.23219836,4.623028,"Ray County, MO"
400,29181,2.8784149,3.21694,42.76991,47.8,0.31630594,-5.0300903,"Ripley County, MO"
401,29183,3.343497,3.35827,49.680492,49.899998,0.24234217,-0.21950531,"St. Charles County, MO"
402,29185,2.4848337,1.89113,36.92175,28.1,0.33682474,8.821749,"St. Clair County, MO"
403,29187,2.9953222,2.59778,44.50702,38.6,0.3151231,5.9070206,"St. Francois County, MO"
404,29195,4.0764976,4.1726,60.57203,61.999996,0.24259965,-1.4279671,"Saline County, MO"
405,29199,3.5493042,3.60728,52.73855,53.600002,0.21335387,-0.861454,"Scotland County, MO"
406,29201,2.951861,3.27078,43.861233,48.600002,0.28669107,-4.7387695,"Scott County, MO"
407,29207,3.1586816,3.40538,46.93435,50.600002,0.25283825,-3.6656532,"Stoddard County, MO"
408,29211,3.0272324,3.1631,44.981167,47.0,0.23911215,-2.0188332,"Sullivan County, MO"
409,29219,3.1587749,3.14964,46.935734,46.800003,0.24081178,0.13573074,"Warren County, MO"
410,29221,3.4951642,2.85352,51.93409,42.399998,0.29785624,9.534092,"Washington County, MO"
411,29227,3.4998162,3.80245,52.003212,56.5,0.21967381,-4.496788,"Worth County, MO"
412,31001,4.657876,4.55621,69.21064,67.700005,0.2594917,1.5106354,"Adams County, NE"
413,31003,4.4048266,4.13895,65.45062,61.5,0.3694667,3.9506226,"Antelope County, NE"
414,31015,3.5387423,3.17656,52.58161,47.2,0.23054957,5.381611,"Boyd County, NE"
415,31017,4.1890955,4.36777,62.245106,64.9,0.43577063,-2.6548958,"Brown County, NE"
416,31019,4.458193,4.38796,66.243576,65.2,0.2568493,1.0435791,"Buffalo County, NE"
417,31021,4.2251883,3.82937,62.781403,56.9,0.23400362,5.881401,"Burt County, NE"
418,31023,4.468523,3.65439,66.39707,54.300003,0.25327426,12.097069,"Butler County, NE"
419,31025,4.276374,3.67458,63.54196,54.600002,0.25357807,8.941959,"Cass County, NE"
420,31029,4.2520266,3.77553,63.180187,56.100002,0.33657873,7.080185,"Chase County, NE"
421,31035,4.662145,4.2399,69.27407,63.000004,0.2920427,6.274067,"Clay County, NE"
422,31037,4.323057,3.87648,64.23562,57.600002,0.23704344,6.6356163,"Colfax County, NE"
423,31039,4.3865833,3.9034,65.17954,58.0,0.20300621,7.1795425,"Cuming County, NE"
424,31041,4.2049904,3.84283,62.481285,57.1,0.26978022,5.3812866,"Custer County, NE"
425,31047,4.5939236,4.5091,68.26038,67.0,0.27937388,1.2603836,"Dawson County, NE"
426,31055,4.0574045,3.93032,60.28833,58.4,0.25700107,1.8883286,"Douglas County, NE"
427,31059,4.535856,4.5764,67.39756,68.0,0.27686748,-0.6024399,"Fillmore County, NE"
428,31061,4.5489984,4.32066,67.59284,64.200005,0.31638896,3.3928375,"Franklin County, NE"
429,31065,4.1703453,4.33412,61.9665,64.399994,0.3073173,-2.4334946,"Furnas County, NE"
430,31067,3.6938899,2.76603,54.88692,41.100002,0.34443507,13.786919,"Gage County, NE"
431,31077,4.337174,3.79572,64.44538,56.4,0.26765582,8.04538,"Greeley County, NE"
432,31079,4.57321,4.27355,67.9526,63.5,0.27639297,4.4525986,"Hall County, NE"
433,31081,4.7731047,4.55621,70.922806,67.700005,0.24421994,3.2228012,"Hamilton County, NE"
434,31089,4.11243,4.29374,61.105946,63.8,0.41119263,-2.6940536,"Holt County, NE"
435,31093,4.3549433,4.15241,64.70941,61.7,0.28209955,3.0094109,"Howard County, NE"
436,31095,3.94361,3.21694,58.597473,47.8,0.33222395,10.797474,"Jefferson County, NE"
437,31097,3.6237123,2.84679,53.844166,42.300003,0.28206712,11.544163,"Johnson County, NE"
438,31103,3.745565,3.53998,55.654755,52.6,0.4435702,3.0547562,"Keya Paha County, NE"
439,31107,4.007865,3.64766,59.552227,54.2,0.25923753,5.3522263,"Knox County, NE"
440,31109,3.9379227,2.94774,58.51297,43.800003,0.29161867,14.712967,"Lancaster County, NE"
441,31111,4.482463,4.86579,66.6042,72.299995,0.362259,-5.695793,"Lincoln County, NE"
442,31113,4.385127,4.42834,65.157906,65.8,0.36384255,-0.6420975,"Logan County, NE"
443,31129,4.068139,3.78226,60.447834,56.2,0.31512478,4.2478333,"Nuckolls County, NE"
444,31133,3.4306586,2.66508,50.975613,39.600002,0.3009794,11.37561,"Pawnee County, NE"
445,31135,4.2891316,4.19279,63.731525,62.3,0.34741536,1.4315262,"Perkins County, NE"
446,31137,4.6031275,4.4418,68.39714,66.0,0.30808714,2.3971405,"Phelps County, NE"
447,31139,4.2205534,3.76207,62.712532,55.9,0.2772736,6.8125305,"Pierce County, NE"
448,31143,4.5943303,4.52256,68.266426,67.200005,0.29748607,1.0664215,"Polk County, NE"
449,31145,4.3470716,4.66389,64.592445,69.299995,0.33226925,-4.70755,"Red Willow County, NE"
450,31151,4.1234426,3.46595,61.26958,51.5,0.26295674,9.769581,"Saline County, NE"
451,31153,4.0741577,3.96397,60.537262,58.9,0.24042822,1.6372604,"Sarpy County, NE"
452,31161,2.7685337,3.05542,41.137203,45.399998,0.36285517,-4.2627945,"Sheridan County, NE"
453,31163,4.354102,4.18606,64.696915,62.2,0.25319624,2.496914,"Sherman County, NE"
454,31167,4.175707,3.60055,62.046165,53.5,0.2435587,8.546165,"Stanton County, NE"
455,31169,4.3126407,3.65439,64.08084,54.300003,0.4124373,9.780838,"Thayer County, NE"
456,31175,4.3950987,4.11876,65.306076,61.2,0.25042075,4.1060753,"Valley County, NE"
457,31177,4.2023754,3.44576,62.44243,51.2,0.26238456,11.242428,"Washington County, NE"
458,31179,4.317547,4.19279,64.15374,62.3,0.19651282,1.8537407,"Wayne County, NE"
459,31181,4.007928,3.49287,59.553165,51.9,0.2760649,7.653164,"Webster County, NE"
460,31183,4.197113,4.40815,62.364235,65.5,0.44892725,-3.135765,"Wheeler County, NE"
461,31185,4.7430487,4.5764,70.476204,68.0,0.25069827,2.476204,"York County, NE"
462,38003,3.2066658,2.65835,47.64734,39.5,0.15464436,8.147339,"Barnes County, ND"
463,38005,3.1092231,2.87371,46.19945,42.7,0.16228913,3.4994507,"Benson County, ND"
464,38009,3.2080476,2.52375,47.66787,37.5,0.14683796,10.16787,"Bottineau County, ND"
465,38015,2.9572325,2.70546,43.941048,40.2,0.17406763,3.741047,"Burleigh County, ND"
466,38017,3.3524678,2.8939,49.813786,43.0,0.16716008,6.8137856,"Cass County, ND"
467,38019,3.0914958,2.61124,45.936043,38.8,0.1363483,7.1360435,"Cavalier County, ND"
468,38021,3.4130275,2.61124,50.713634,38.8,0.16952904,11.913635,"Dickey County, ND"
469,38027,2.8547423,2.61797,42.418163,38.9,0.17645715,3.5181618,"Eddy County, ND"
470,38029,3.1093125,2.30839,46.200783,34.3,0.17067884,11.900784,"Emmons County, ND"
471,38031,2.9784305,2.4901,44.256027,37.0,0.15211535,7.256027,"Foster County, ND"
472,38035,3.0702863,2.38915,45.620895,35.5,0.16906178,10.120895,"Grand Forks County, ND"
473,38039,3.0257485,2.46991,44.959118,36.7,0.17591022,8.259117,"Griggs County, ND"
474,38043,2.9165866,2.36896,43.337097,35.2,0.17027012,8.137096,"Kidder County, ND"
475,38045,3.3479373,2.51702,49.746468,37.4,0.14926493,12.346466,"LaMoure County, ND"
476,38047,2.9339833,2.46991,43.595592,36.7,0.17221273,6.8955917,"Logan County, ND"
477,38049,3.090168,2.5574,45.916317,38.0,0.1555982,7.916317,"McHenry County, ND"
478,38051,2.9367542,2.20744,43.636765,32.8,0.1780493,10.836765,"McIntosh County, ND"
479,38055,2.8512874,2.24782,42.366825,33.399998,0.17994149,8.966827,"McLean County, ND"
480,38059,2.6768339,2.41607,39.77465,35.9,0.2642261,3.874649,"Morton County, ND"
481,38061,2.6772702,1.66231,39.78113,24.7,0.18007435,15.081131,"Mountrail County, ND"
482,38063,2.9127939,2.42953,43.280743,36.1,0.1698765,7.180744,"Nelson County, ND"
483,38065,2.8445768,2.36896,42.267117,35.2,0.2426624,7.067116,"Oliver County, ND"
484,38067,3.2582731,2.8266,48.41416,42.0,0.16335194,6.4141617,"Pembina County, ND"
485,38069,3.0719187,2.64489,45.645153,39.300003,0.1677464,6.34515,"Pierce County, ND"
486,38071,2.9132113,2.59778,43.286945,38.6,0.1530331,4.686947,"Ramsey County, ND"
487,38073,3.4365215,2.78622,51.06273,41.4,0.18717523,9.662727,"Ransom County, ND"
488,38075,3.0198598,2.07957,44.871616,30.900002,0.15415616,13.971615,"Renville County, ND"
489,38077,3.3163874,2.79295,49.277676,41.5,0.17691839,7.7776756,"Richland County, ND"
490,38079,3.1533697,2.71219,46.85542,40.3,0.15301278,6.55542,"Rolette County, ND"
491,38081,3.3570888,2.71892,49.88245,40.4,0.16276304,9.482449,"Sargent County, ND"
492,38083,2.9289222,2.53721,43.52039,37.7,0.16326194,5.820389,"Sheridan County, ND"
493,38089,2.4379077,1.48733,36.224483,22.1,0.26153192,14.124483,"Stark County, ND"
494,38091,3.1030931,2.60451,46.108368,38.7,0.15491977,7.408367,"Steele County, ND"
495,38093,3.0417688,2.32185,45.19716,34.5,0.15014479,10.697159,"Stutsman County, ND"
496,38095,3.1122935,2.55067,46.245075,37.899998,0.14776571,8.3450775,"Towner County, ND"
497,38097,3.1537251,2.71219,46.860703,40.3,0.16596751,6.5607033,"Traill County, ND"
498,38099,3.13677,2.74584,46.60877,40.800003,0.17366368,5.8087654,"Walsh County, ND"
499,38101,2.9999797,2.14014,44.57622,31.800001,0.15993558,12.77622,"Ward County, ND"
500,38103,2.9654183,2.72565,44.06268,40.5,0.15659054,3.5626793,"Wells County, ND"
501,38105,2.510774,1.45368,37.30719,21.6,0.19638306,15.70719,"Williams County, ND"
502,39001,3.1278937,2.34877,46.476875,34.899998,0.29116252,11.576878,"Adams County, OH"
503,39003,3.9617498,3.9034,58.867012,58.0,0.17793426,0.867012,"Allen County, OH"
504,39007,3.73126,3.34481,55.4422,49.7,0.21232526,5.742199,"Ashtabula County, OH"
505,39011,3.8832471,3.50633,57.700554,52.100002,0.1703955,5.6005516,"Auglaize County, OH"
506,39015,3.3564405,3.10926,49.872818,46.2,0.20234561,3.6728172,"Brown County, OH"
507,39017,3.4746463,3.37846,51.62922,50.2,0.23568489,1.4292183,"Butler County, OH"
508,39019,2.8971725,2.03246,43.048626,30.2,0.3299215,12.848625,"Carroll County, OH"
509,39021,3.853631,3.47268,57.26049,51.600002,0.18925601,5.660488,"Champaign County, OH"
510,39023,3.8244007,3.80918,56.82616,56.600002,0.20090994,0.22615814,"Clark County, OH"
511,39027,3.9763792,3.87648,59.084385,57.600002,0.18200772,1.4843826,"Clinton County, OH"
512,39029,3.2848673,3.22367,48.809322,47.9,0.2526123,0.90932083,"Columbiana County, OH"
513,39031,3.3032928,3.03523,49.083103,45.1,0.26087025,3.9831047,"Coshocton County, OH"
514,39033,4.032666,4.06492,59.920746,60.4,0.1700654,-0.47925568,"Crawford County, OH"
515,39039,3.3431327,3.06888,49.67508,45.600002,0.20150685,4.075077,"Defiance County, OH"
516,39041,3.5800006,3.31789,53.19466,49.3,0.22066934,3.894661,"Delaware County, OH"
517,39043,3.6790447,3.99762,54.66634,59.4,0.23299496,-4.7336617,"Erie County, OH"
518,39045,3.5060203,3.15637,52.095398,46.899998,0.22179426,5.1954,"Fairfield County, OH"
519,39047,3.798558,2.67181,56.44217,39.7,0.20614217,16.742168,"Fayette County, OH"
520,39049,3.0253837,2.9612,44.953697,44.0,0.2894553,0.9536972,"Franklin County, OH"
521,39051,3.6077182,3.43903,53.606514,51.1,0.19226399,2.5065155,"Fulton County, OH"
522,39053,2.978158,2.67854,44.251976,39.8,0.37019867,4.451977,"Gallia County, OH"
523,39057,3.977102,3.75534,59.095127,55.800003,0.20327143,3.295124,"Greene County, OH"
524,39059,2.947206,2.8939,43.792065,43.0,0.372878,0.79206467,"Guernsey County, OH"
525,39063,3.8321974,3.49287,56.942013,51.9,0.17947276,5.0420113,"Hancock County, OH"
526,39065,3.9056947,3.64093,58.034096,54.1,0.17048043,3.9340973,"Hardin County, OH"
527,39067,2.8906844,2.55067,42.95222,37.899998,0.3590395,5.052223,"Harrison County, OH"
528,39069,3.7296035,3.79572,55.417587,56.4,0.17570707,-0.98241425,"Henry County, OH"
529,39071,3.2636647,2.51702,48.494274,37.4,0.21782418,11.094273,"Highland County, OH"
530,39075,3.2295914,3.2304,47.987984,48.0,0.23776792,-0.012016296,"Holmes County, OH"
531,39077,3.7434623,3.48614,55.623512,51.8,0.1952558,3.823513,"Huron County, OH"
532,39081,2.8144646,1.74307,41.819683,25.9,0.40290526,15.919683,"Jefferson County, OH"
533,39083,3.6133425,3.5669,53.690083,53.0,0.19889209,0.69008255,"Knox County, OH"
534,39091,3.6855123,3.22367,54.762444,47.9,0.18409741,6.862442,"Logan County, OH"
535,39095,3.3548555,2.99485,49.849266,44.5,0.2568433,5.349266,"Lucas County, OH"
536,39097,3.7186816,3.40538,55.2553,50.600002,0.20756948,4.6552963,"Madison County, OH"
537,39099,3.3227491,3.28424,49.3722,48.8,0.25680274,0.5722008,"Mahoning County, OH"
538,39101,3.8100991,3.25732,56.61366,48.399998,0.18161815,8.213661,"Marion County, OH"
539,39103,3.2552898,3.43903,48.369835,51.1,0.25072205,-2.7301636,"Medina County, OH"
540,39109,3.931155,3.9034,58.412407,58.0,0.20489804,0.41240692,"Miami County, OH"
541,39113,3.6821206,3.5669,54.712044,53.0,0.22583346,1.7120438,"Montgomery County, OH"
542,39117,3.5869775,3.25732,53.29833,48.399998,0.1933016,4.8983307,"Morrow County, OH"
543,39123,3.19354,2.81314,47.452305,41.8,0.21527451,5.6523056,"Ottawa County, OH"
544,39125,3.3354695,3.37173,49.56121,50.100002,0.19240034,-0.53879166,"Paulding County, OH"
545,39127,3.3174365,2.88717,49.293262,42.9,0.26015037,6.393261,"Perry County, OH"
546,39129,3.1386497,2.2882,46.636696,34.0,0.251825,12.636696,"Pickaway County, OH"
547,39131,3.0408032,2.49683,45.18281,37.1,0.3280532,8.082813,"Pike County, OH"
548,39133,3.4138951,3.08907,50.726524,45.9,0.2642668,4.826523,"Portage County, OH"
549,39135,4.0630894,4.1053,60.3728,61.0,0.17314616,-0.6272011,"Preble County, OH"
550,39137,3.7135682,3.48614,55.17932,51.8,0.17782107,3.379322,"Putnam County, OH"
551,39139,3.4774382,3.47268,51.670704,51.600002,0.21370187,0.0707016,"Richland County, OH"
552,39141,3.2497802,2.51029,48.287968,37.3,0.26200753,10.987968,"Ross County, OH"
553,39145,3.3410752,2.94101,49.644505,43.7,0.2588008,5.944504,"Scioto County, OH"
554,39147,3.6960697,3.47941,54.91931,51.7,0.18455085,3.2193108,"Seneca County, OH"
555,39149,3.874139,3.39192,57.565216,50.4,0.17042324,7.1652145,"Shelby County, OH"
556,39151,3.3318682,3.37846,49.507698,50.2,0.2404272,-0.6923027,"Stark County, OH"
557,39155,3.6688812,3.41211,54.515324,50.7,0.22959808,3.8153229,"Trumbull County, OH"
558,39157,3.1219823,2.78622,46.389038,41.4,0.28820932,4.9890366,"Tuscarawas County, OH"
559,39165,3.50301,3.46595,52.05067,51.5,0.23898432,0.5506706,"Warren County, OH"
560,39167,2.8375397,2.90063,42.16255,43.100002,0.4094528,-0.9374504,"Washington County, OH"
561,39169,3.5213404,3.53998,52.323036,52.6,0.21064642,-0.27696228,"Wayne County, OH"
562,39171,3.4965992,2.76603,51.955414,41.100002,0.18690857,10.855412,"Williams County, OH"
563,39173,3.6160796,3.31789,53.73075,49.3,0.18881163,4.430752,"Wood County, OH"
564,39175,3.8951838,3.33808,57.87792,49.6,0.17959198,8.27792,"Wyandot County, OH"
565,46003,3.5445497,2.83333,52.6679,42.1,0.21962541,10.567902,"Aurora County, SD"
566,46009,3.6269948,2.85352,53.89294,42.399998,0.22005484,11.492943,"Bon Homme County, SD"
567,46011,3.7497866,3.42557,55.717484,50.9,0.14924775,4.817482,"Brookings County, SD"
568,46013,3.7733858,3.04869,56.06814,45.300003,0.17427666,10.768135,"Brown County, SD"
569,46015,3.551359,2.92755,52.769077,43.5,0.22026153,9.269077,"Brule County, SD"
570,46017,3.6291187,3.10926,53.9245,46.2,0.22435935,7.7244987,"Buffalo County, SD"
571,46021,3.3195846,2.51029,49.32518,37.3,0.17403714,12.025181,"Campbell County, SD"
572,46023,3.6135204,3.13618,53.692726,46.6,0.22349027,7.0927277,"Charles Mix County, SD"
573,46025,3.655361,3.0285,54.314426,45.0,0.16297452,9.314426,"Clark County, SD"
574,46027,3.5486028,2.92755,52.728127,43.5,0.2679388,9.228127,"Clay County, SD"
575,46035,3.6608207,2.76603,54.395554,41.100002,0.21619472,13.295551,"Davison County, SD"
576,46039,3.674078,3.13618,54.59254,46.6,0.15585999,7.9925423,"Deuel County, SD"
577,46043,3.7063568,2.80641,55.072166,41.7,0.24271774,13.372166,"Douglas County, SD"
578,46045,3.4502993,2.55067,51.26745,37.899998,0.1650102,13.367451,"Edmunds County, SD"
579,46051,3.5533607,2.67854,52.79882,39.8,0.1832585,12.998821,"Grant County, SD"
580,46059,3.5909889,2.77949,53.357933,41.3,0.17996563,12.057934,"Hand County, SD"
581,46061,3.6983259,2.90063,54.952835,43.100002,0.22959174,11.852833,"Hanson County, SD"
582,46065,3.4973824,3.25059,51.96705,48.300003,0.22292487,3.6670456,"Hughes County, SD"
583,46069,3.5480783,2.92082,52.720333,43.4,0.19485995,9.320332,"Hyde County, SD"
584,46073,3.5832217,3.08234,53.242523,45.8,0.21464512,7.442524,"Jerauld County, SD"
585,46079,3.6897886,3.21694,54.82598,47.8,0.15756465,7.025982,"Lake County, SD"
586,46083,3.726346,2.96793,55.369183,44.100002,0.16952424,11.26918,"Lincoln County, SD"
587,46085,2.7839918,2.25455,41.366894,33.5,0.24940747,7.866894,"Lyman County, SD"
588,46087,3.6507285,2.86698,54.245594,42.600002,0.17585473,11.645592,"McCook County, SD"
589,46089,3.2657664,2.46318,48.525505,36.600002,0.1822988,11.925503,"McPherson County, SD"
590,46091,3.5372417,2.90063,52.55931,43.100002,0.16510648,9.459309,"Marshall County, SD"
591,46095,2.2026596,1.04315,32.72897,15.499999,0.3271803,17.22897,"Mellette County, SD"
592,46097,3.4537985,2.85352,51.319443,42.399998,0.17929435,8.919445,"Miner County, SD"
593,46101,3.926541,3.5669,58.34385,53.0,0.13969183,5.343849,"Moody County, SD"
594,46109,3.463325,2.692,51.460995,40.0,0.17504293,11.460995,"Roberts County, SD"
595,46111,3.4122632,2.7593,50.70228,41.0,0.21282773,9.702278,"Sanborn County, SD"
596,46119,3.4977705,2.96793,51.972816,44.100002,0.21465401,7.872814,"Sully County, SD"
597,46123,2.9541528,1.83056,43.895287,27.2,0.2705376,16.695286,"Tripp County, SD"
598,46125,3.6856053,3.19675,54.763824,47.5,0.20155676,7.2638245,"Turner County, SD"
599,46127,3.812372,3.35154,56.64743,49.800003,0.20811607,6.8474274,"Union County, SD"
600,46135,3.652476,3.16983,54.27156,47.100002,0.21770708,7.1715584,"Yankton County, SD"
601,55001,3.0987737,3.21021,46.044186,47.7,0.23133771,-1.6558151,"Adams County, WI"
602,55003,2.257551,2.36223,33.54459,35.100002,0.4039907,-1.5554123,"Ashland County, WI"
603,55005,3.2938259,2.79295,48.942436,41.5,0.199368,7.442436,"Barron County, WI"
604,55007,2.6120102,1.95843,38.811447,29.1,0.32122958,9.711447,"Bayfield County, WI"
605,55009,3.1985962,2.94101,47.527435,43.7,0.22728255,3.8274345,"Brown County, WI"
606,55011,3.3805485,3.11599,50.231033,46.3,0.19779088,3.931034,"Buffalo County, WI"
607,55013,3.01034,2.13341,44.730164,31.7,0.21139686,13.030163,"Burnett County, WI"
608,55015,3.2149284,3.51979,47.77011,52.3,0.21014394,-4.529888,"Calumet County, WI"
609,55017,3.341069,2.8939,49.644413,43.0,0.2018654,6.644413,"Chippewa County, WI"
610,55019,3.1388404,2.64489,46.63953,39.300003,0.21998626,7.339527,"Clark County, WI"
611,55021,3.62737,3.89667,53.898518,57.9,0.16990747,-4.001484,"Columbia County, WI"
612,55023,3.2146394,3.14291,47.765816,46.7,0.21729426,1.065815,"Crawford County, WI"
613,55025,3.747804,3.64766,55.688023,54.2,0.18241909,1.4880219,"Dane County, WI"
614,55027,3.687309,3.74188,54.78914,55.6,0.16132495,-0.8108597,"Dodge County, WI"
615,55029,2.9302053,2.16033,43.539455,32.100002,0.2753576,11.439453,"Door County, WI"
616,55033,3.4536955,2.87371,51.317913,42.7,0.19031812,8.617912,"Dunn County, WI"
617,55035,3.2771733,2.86698,48.694996,42.600002,0.20580906,6.0949936,"Eau Claire County, WI"
618,55039,3.547956,3.51979,52.718513,52.3,0.17605531,0.41851425,"Fond du Lac County, WI"
619,55043,3.8438733,3.96397,57.1155,58.9,0.18291771,-1.7845001,"Grant County, WI"
620,55047,3.5456288,3.365,52.683933,50.0,0.17332235,2.6839333,"Green Lake County, WI"
621,55049,3.7159936,3.93032,55.21536,58.4,0.1884894,-3.1846428,"Iowa County, WI"
622,55053,3.2165534,2.76603,47.79426,41.100002,0.19611011,6.694256,"Jackson County, WI"
623,55055,3.6414664,3.33135,54.10797,49.5,0.17004676,4.607971,"Jefferson County, WI"
624,55057,2.9899828,2.46318,44.42768,36.600002,0.22160327,7.8276787,"Juneau County, WI"
625,55059,3.3924458,3.20348,50.407814,47.600002,0.20977667,2.8078117,"Kenosha County, WI"
626,55061,3.234824,3.01504,48.065735,44.8,0.21945709,3.2657356,"Kewaunee County, WI"
627,55065,4.159088,3.93032,61.79923,58.4,0.16672932,3.3992271,"Lafayette County, WI"
628,55067,3.038368,2.51029,45.146626,37.3,0.23838378,7.8466263,"Langlade County, WI"
629,55069,2.9913356,2.26128,44.44778,33.600002,0.25733817,10.847778,"Lincoln County, WI"
630,55071,3.2654824,3.37173,48.521286,50.100002,0.21027085,-1.5787163,"Manitowoc County, WI"
631,55073,3.0862536,2.40261,45.858154,35.7,0.2211664,10.158154,"Marathon County, WI"
632,55075,3.191096,2.44299,47.41599,36.300003,0.23249808,11.115986,"Marinette County, WI"
633,55077,2.933722,2.11995,43.59171,31.500002,0.20267417,12.091707,"Marquette County, WI"
634,55083,3.2534742,2.90736,48.342857,43.2,0.21102092,5.1428566,"Oconto County, WI"
635,55087,3.1819823,3.31789,47.28057,49.3,0.2076303,-2.0194283,"Outagamie County, WI"
636,55089,3.2466488,2.98139,48.24144,44.3,0.21820778,3.9414406,"Ozaukee County, WI"
637,55091,3.5636117,3.52652,52.95114,52.4,0.17864363,0.55113983,"Pepin County, WI"
638,55093,3.5704167,3.33135,53.052254,49.5,0.17528161,3.5522537,"Pierce County, WI"
639,55095,3.314916,2.80641,49.25581,41.7,0.19510432,7.555809,"Polk County, WI"
640,55097,3.1684105,3.04869,47.07891,45.300003,0.20945011,1.7789078,"Portage County, WI"
641,55099,2.9303572,2.19398,43.541714,32.6,0.31046852,10.941715,"Price County, WI"
642,55101,3.4652314,3.08234,51.489323,45.8,0.20630793,5.6893234,"Racine County, WI"
643,55103,3.1416087,3.02177,46.680664,44.9,0.21325807,1.7806625,"Richland County, WI"
644,55105,3.8456318,3.78899,57.141632,56.3,0.1764743,0.84163284,"Rock County, WI"
645,55107,3.0579937,2.42953,45.43824,36.1,0.23842116,9.338242,"Rusk County, WI"
646,55109,3.5209427,3.35154,52.317127,49.800003,0.18451682,2.5171242,"St. Croix County, WI"
647,55111,3.1667726,3.16983,47.05457,47.100002,0.20723386,-0.045433044,"Sauk County, WI"
648,55113,3.0379338,2.40934,45.140175,35.8,0.2817757,9.340176,"Sawyer County, WI"
649,55117,3.2963433,2.84679,48.979843,42.300003,0.2057147,6.67984,"Sheboygan County, WI"
650,55119,3.0889828,2.30839,45.898705,34.3,0.22876497,11.598705,"Taylor County, WI"
651,55121,3.271494,3.08234,48.610607,45.8,0.19769792,2.810608,"Trempealeau County, WI"
652,55127,3.8897815,3.4996,57.797646,52.0,0.16927068,5.7976456,"Walworth County, WI"
653,55129,3.1400125,2.3555,46.656948,35.0,0.25710756,11.656948,"Washburn County, WI"
654,55131,3.301756,3.01504,49.06027,44.8,0.20207863,4.260269,"Washington County, WI"
655,55133,3.3115408,3.20348,49.205658,47.600002,0.2176697,1.6056557,"Waukesha County, WI"
656,55139,3.2716885,3.08907,48.6135,45.9,0.20419052,2.7134972,"Winnebago County, WI"
657,55141,2.9968762,2.29493,44.53011,34.1,0.24118331,10.430111,"Wood County, WI"
