,FIPS,pred,yield,uncertainty
0,39071,57.42335,55.7,2.346504
1,55005,41.539253,41.6,3.8692386
2,39037,63.279144,62.3,2.1505451
3,55137,45.439747,42.0,3.0499415
4,31179,51.715733,40.7,2.4541767
5,29051,40.038486,46.0,3.5322328
6,38039,39.45458,33.8,2.7574818
7,17109,65.64957,67.8,2.370819
8,46023,37.06956,35.9,3.289849
9,38005,30.706247,29.3,3.2056088
10,39043,57.24686,52.1,2.2448368
11,39009,51.46964,58.6,4.294529
12,20115,13.098112,11.2,3.7648776
13,29207,52.52583,53.4,3.2506273
15,29113,50.76082,50.3,2.8151724
16,38075,26.955254,31.7,2.96684
17,17145,51.362446,48.3,2.5737894
18,46059,43.220898,43.1,3.089186
19,39079,51.34071,50.4,3.056818
20,55013,37.02509,35.0,4.584326
21,20151,32.309856,35.0,4.23172
23,18181,60.94973,60.0,2.2070858
24,46135,46.791042,45.3,2.6915424
25,19027,57.835674,56.8,2.3359225
26,39115,49.48248,47.6,3.9624434
28,19089,55.138885,51.0,1.8726423
29,27027,43.053146,40.2,2.702782
30,38083,32.23162,33.1,2.9048629
31,39151,52.836475,57.1,2.6190777
32,55059,50.961224,55.3,2.5438547
33,18057,57.51006,60.1,2.4857855
34,27149,46.866016,48.2,2.5125036
36,18031,64.00697,64.4,2.1350212
37,31067,45.671146,45.4,2.8264537
38,19125,58.26177,56.0,2.6943247
39,29157,51.751183,47.2,3.0509326
40,27063,53.594757,54.1,2.1235695
41,17163,55.491726,51.0,2.6152086
42,26117,50.733547,44.8,2.7246473
43,55095,41.3533,40.8,4.1427994
44,18093,57.36059,59.2,3.1940365
45,31129,26.998428,43.7,3.3988457
47,19161,58.660355,58.1,2.2219448
48,27099,50.24677,45.4,2.0403738
49,17199,52.366474,49.9,3.3967605
50,55131,49.611042,52.1,3.1355357
51,18129,62.081135,61.9,2.8091884
52,26067,55.69559,45.7,2.401179
53,19197,60.04157,60.8,2.0116837
54,46009,43.87026,41.8,2.4597945
55,17005,61.580574,57.3,2.4386914
56,39003,58.894093,59.8,2.158689
57,20011,31.623226,23.1,3.4466958
58,31137,65.25862,66.6,2.4939315
60,19169,61.479393,64.1,2.0540576
61,29009,38.269924,39.6,4.4151897
62,17075,62.567806,65.6,2.1538665
63,46045,42.091427,46.8,2.620414
64,27107,41.493046,38.4,3.1407716
65,39065,59.833496,62.1,2.038938
66,39039,55.32758,47.2,2.3018603
67,55139,49.194183,55.7,2.9992714
68,29079,52.3532,44.4,2.639386
69,29045,55.393177,52.5,2.8192177
70,39011,60.25896,58.0,2.0707755
71,29201,50.970333,56.3,3.5231004
73,29115,44.30216,44.9,2.7444572
74,38069,25.909277,26.5,3.3799257
75,17147,71.88855,74.2,2.4479396
76,55015,51.824043,52.5,3.0166829
78,18183,58.55186,53.3,2.3280323
79,29151,44.923595,41.5,3.8001041
80,19021,59.725204,61.1,2.0108266
81,38105,19.289112,26.1,3.6147535
82,39109,62.938496,60.6,2.3684278
84,31025,61.606224,58.6,2.6673393
85,19091,57.2251,56.9,1.9809499
86,19057,62.575977,65.6,2.4866004
87,39145,55.69366,54.6,2.9246852
88,55053,43.65597,43.1,3.54558
89,18059,58.1265,61.2,2.247101
90,27151,45.200638,47.4,2.9008582
92,31061,53.472145,51.6,2.5833364
93,19127,62.982044,61.7,2.183073
94,29159,44.262066,38.4,2.4964507
95,27057,31.446873,34.3,4.2715673
96,17157,52.033268,50.8,2.6208138
97,26119,39.558853,32.0,3.8994071
98,55089,50.201237,55.7,3.1227753
99,18095,62.224697,64.1,2.1519392
101,31097,49.999447,48.8,3.043251
102,26025,49.08852,42.2,2.5137906
103,19163,61.151146,66.3,2.2958624
104,27093,50.370884,51.7,2.6813698
105,17193,57.17531,60.1,2.6358762
106,26155,51.78748,42.6,2.243344
107,18131,58.8959,53.2,2.2444763
108,31167,50.068813,41.0,2.5747583
109,17033,63.5294,60.8,2.659823
110,46011,43.767643,44.4,3.0199285
111,27129,50.49484,53.3,2.4017584
112,17007,58.992584,59.6,2.1544168
113,20005,50.837986,51.1,2.963991
114,18167,57.686607,60.7,2.7211046
115,31139,53.300144,49.3,2.4868405
116,19171,57.870785,56.1,2.2833567
117,29011,36.912746,45.6,3.1326811
118,55001,44.354404,44.2,3.2390387
119,39033,61.275642,63.1,2.063445
120,20041,15.337341,14.9,3.433051
121,31175,52.819206,52.0,2.810312
122,29073,41.97802,34.8,4.436335
123,29047,48.015972,48.2,3.2819939
124,38035,36.74115,33.2,2.8911095
125,17105,64.546104,67.7,2.2082503
126,38001,20.090643,33.7,3.244025
127,39103,52.434475,50.6,2.635129
128,20111,20.76587,24.0,3.2814069
129,20077,20.05264,22.2,4.4784303
131,29109,40.32619,41.9,3.415928
132,38071,28.54691,23.9,3.0813494
133,17141,60.541622,61.8,2.139104
134,39075,51.88723,49.0,2.5039332
135,55009,50.41474,51.5,3.403644
137,18177,62.101833,61.1,2.3083797
138,29145,33.8259,46.2,3.8916295
139,19023,54.16393,50.9,2.2741559
140,20183,23.97322,25.2,3.7045193
142,31027,59.358963,57.3,2.4638884
143,19085,54.000286,55.4,2.7664173
144,19059,55.533993,56.8,2.0065444
145,27023,47.88504,49.1,2.8256474
146,39147,59.2942,57.6,2.1795852
147,26141,35.827812,30.4,4.4740267
148,55055,53.0232,53.5,2.7431226
149,18053,63.894436,64.9,2.2086084
150,18027,61.947086,62.9,3.1290028
151,31063,43.143856,54.7,3.5239718
152,19121,56.38506,61.3,2.530676
153,27059,36.36863,44.8,4.1387568
154,17159,61.647324,58.7,2.7012818
155,55091,51.24539,54.3,3.4047441
156,18089,56.30674,54.2,2.629028
157,31099,60.64085,59.5,2.4337988
158,26027,54.10191,50.5,2.6693404
159,19157,60.733032,59.5,2.4395995
160,27095,37.525307,33.6,4.3988347
161,17195,60.794468,61.4,2.4241223
162,26149,53.87579,43.3,2.5910711
163,18125,60.504745,62.1,2.9763145
165,26063,55.885586,48.5,2.3524768
166,19193,51.19608,44.8,2.616019
167,17035,64.828186,64.4,3.126201
168,27131,52.408447,55.1,2.5789561
169,17001,58.82346,60.7,2.6616862
170,18161,64.456055,66.9,2.226275
172,26099,49.585224,44.0,3.0559452
173,17071,66.87016,66.0,2.455946
175,31169,44.037052,50.4,3.283585
176,29075,54.38277,54.3,3.000022
177,38029,39.117306,40.6,2.6122859
178,17107,67.0872,68.4,2.3625145
179,38003,40.900665,37.5,2.2847185
180,39097,59.96852,59.6,2.053825
181,55039,53.76443,58.9,2.741885
182,20105,12.291071,15.7,3.1283667
183,29197,44.10439,42.2,2.7218764
184,29111,49.581585,46.4,2.5854254
185,46089,38.242214,45.5,3.0797384
186,38065,37.44825,43.0,3.204502
187,17143,63.80363,70.7,2.4375277
188,39133,51.340397,51.8,3.3139243
189,55011,49.20274,49.5,3.4752584
191,18179,64.56003,64.1,2.0531766
192,46125,46.196453,45.8,2.8181
193,19017,57.07372,54.5,2.2053573
194,38101,29.387985,34.9,2.9216447
195,20177,35.22939,34.3,3.630458
196,31021,54.525333,48.0,2.6258934
197,19087,61.015182,63.9,2.4346788
198,29183,54.099712,54.0,3.2324297
199,17181,51.773106,45.3,3.3198063
200,39141,56.797543,59.7,2.442968
201,55049,53.25539,56.4,2.5040374
202,18055,58.26694,56.8,2.7287838
203,27147,53.777172,53.5,2.0632062
205,18021,62.119755,60.9,2.4180622
206,19123,62.30342,62.7,2.662045
207,29155,55.991814,53.4,3.3917513
208,27053,45.0124,58.1,4.4117236
209,17153,53.470478,50.4,2.9330463
210,26115,53.3475,52.4,2.4939837
211,18091,59.15804,60.1,2.2531128
212,31127,60.556408,54.7,2.9211965
213,31093,52.920433,59.9,2.845507
214,27089,39.69727,38.7,3.7170439
215,17189,57.030266,48.4,2.3798993
216,26151,53.56967,46.8,2.2936456
217,55121,46.92599,44.2,3.285607
218,20029,19.108315,20.1,3.2906034
219,18127,59.944332,56.3,2.279541
220,31163,52.147728,51.1,2.755948
222,26057,55.066093,46.5,2.1913571
223,19195,55.35761,51.0,1.8582126
224,17029,69.57121,71.3,2.8434381
225,27125,40.291576,38.8,3.6012707
226,20001,27.968555,23.2,3.4660246
227,18163,59.853397,66.7,2.7655637
229,26093,49.978317,43.1,2.5031326
230,29007,50.43542,48.9,2.5873384
231,46043,41.96291,41.7,2.9317048
232,39029,53.493595,52.9,2.8867981
233,20037,36.809948,27.7,3.204489
234,29069,49.057747,46.0,3.5313058
235,38031,38.62055,38.4,2.123747
236,17101,61.736732,60.8,2.8345335
237,39099,52.729763,50.6,3.0712705
238,55033,48.573715,45.1,3.2768466
239,20107,37.140293,26.6,3.5579243
240,29199,53.370647,47.0,2.7000113
241,20073,14.903878,13.9,3.7528632
242,46091,46.29575,47.0,3.0512466
243,38067,37.77296,32.6,2.922613
244,17137,66.45494,68.0,2.658864
245,46051,43.421516,41.7,3.390054
246,39135,61.616177,61.4,2.251574
247,20143,18.022074,17.5,3.1521115
249,29141,42.26945,41.1,3.4769094
250,46127,53.571987,49.9,2.2590818
251,19019,55.85771,51.8,2.077858
252,38103,38.150562,40.8,2.2971008
253,39107,61.79636,61.4,2.099919
254,31023,53.96887,45.0,2.7191918
255,26015,50.885826,41.3,2.6609743
256,19081,60.68249,60.2,1.936576
257,29177,49.93578,50.4,2.6585295
258,19055,58.463093,52.3,2.1159258
259,27019,50.859608,57.8,2.9586096
260,17183,65.02494,68.4,2.1900551
261,39143,59.14967,60.3,2.24959
262,26137,37.791878,25.2,4.733541
263,18049,62.613728,52.3,2.2128346
264,27141,38.671383,43.1,4.199928
266,18023,67.21681,67.5,2.0945678
267,31059,55.720684,57.7,2.5928276
268,19117,49.384293,51.7,2.6951935
269,17155,64.77721,64.6,2.288903
270,55087,51.682995,48.1,3.1418116
271,18085,60.66901,59.9,2.373227
272,31121,54.793507,65.9,3.022721
273,31095,41.232597,38.0,2.8826978
274,26023,53.69411,42.5,2.4122763
275,19153,58.22199,61.2,2.497902
276,17191,58.220047,56.9,2.6174421
277,26145,53.436337,47.9,2.25026
278,55123,45.187855,40.4,2.8759668
279,20031,23.332335,20.5,3.2334826
281,26059,51.71375,44.9,2.4789195
282,19189,61.2165,60.7,1.832318
283,27127,47.71285,49.4,2.4201114
284,18157,64.14915,67.1,2.2669754
285,29001,48.01801,49.2,2.7720687
286,17067,65.43121,65.0,2.658582
287,39057,62.937683,61.9,2.3195646
288,39031,54.11785,61.1,2.6883783
289,29071,45.219543,40.4,4.127694
290,19005,54.496014,52.2,2.2391245
291,29037,36.775356,33.6,3.4612448
292,17103,62.239025,64.7,2.1458802
293,46073,36.9204,45.9,3.287908
294,39093,53.61063,53.9,2.5925987
295,55035,44.564068,45.7,3.824957
297,29107,56.233093,49.6,2.696317
298,46085,25.263273,37.6,4.5730424
299,17139,70.04823,72.5,2.8699267
300,39129,60.045856,61.2,2.1059406
301,18009,61.990776,61.3,2.1020284
302,29143,53.29541,55.5,3.2487366
303,19013,52.289177,51.1,2.2183423
304,38097,41.58243,39.3,2.4814599
305,39165,55.58881,57.0,2.8109074
306,20173,23.087057,24.6,4.0138245
307,18079,58.97612,56.4,2.3719974
308,19083,62.643925,62.2,2.1357458
309,19049,61.036777,60.8,2.3138201
310,27013,55.791695,60.6,2.1654472
311,17177,59.057888,62.5,2.2744298
312,39137,58.059315,58.4,2.1901376
313,26139,50.04581,48.0,2.862975
314,55045,50.635765,53.3,2.8039587
315,18051,61.97793,65.5,2.9473903
316,27143,49.99714,52.7,2.2950866
317,31053,58.40789,51.1,2.7934124
318,26045,50.610382,44.8,2.414906
319,27049,54.843445,55.6,2.5631516
320,18087,55.907444,53.6,2.4304793
321,31089,54.652836,65.0,2.666688
322,26017,53.54336,52.4,2.0428565
323,17053,63.773182,70.7,2.1512246
324,27085,49.852436,48.4,2.613535
325,17185,60.183857,60.2,2.912103
326,26147,48.088505,39.8,2.6048667
327,55117,52.49133,56.8,2.7886846
329,19191,55.051678,52.6,2.0889935
330,17025,57.630863,54.4,2.6742513
331,46003,34.38934,36.5,3.135853
332,27121,45.619175,48.1,3.055783
333,20061,25.980782,22.3,3.5990999
334,18159,66.51095,69.3,2.1076212
336,29003,60.19243,54.2,2.8564982
337,17061,67.0981,66.4,2.9454286
338,39059,50.86408,50.5,3.6190586
341,19007,51.111008,50.7,2.7261505
342,29039,23.986301,20.2,3.4860098
343,38027,38.205452,36.0,2.846073
344,17097,47.19889,53.4,3.5310402
345,39095,54.708317,55.6,2.798265
346,55029,46.320683,42.3,3.715812
347,20103,45.941227,37.7,3.4372313
348,29195,56.98867,56.8,2.8080032
350,46087,42.829544,43.9,2.7296798
351,38063,34.300472,30.6,3.0219052
352,17133,47.64371,46.5,2.8256483
353,39131,52.878414,53.0,3.2093828
354,20139,23.66248,22.0,3.7043421
356,18011,63.39948,64.4,2.1239798
357,29137,42.966843,45.3,2.8987782
358,19015,65.05169,69.1,2.2110612
359,38099,35.575527,30.7,3.2654226
360,39167,52.92971,54.7,3.9338202
361,20175,45.5202,51.4,4.7507424
362,18073,58.885723,59.5,2.2132373
363,27165,54.03872,56.4,2.1169248
364,18047,60.079433,57.9,2.4490376
365,31019,56.14508,55.5,2.7662117
366,26011,50.119503,44.5,2.441575
367,29173,47.372818,42.3,2.6761332
368,19051,47.810524,53.4,2.7104893
369,27015,51.164722,54.3,2.1498225
370,17179,65.59038,74.7,2.3947089
371,55047,50.247665,52.5,2.7203922
372,18109,64.1496,60.2,2.4209032
373,18019,56.4745,48.3,2.7946231
374,31055,46.018467,41.4,3.5706716
375,19113,51.86089,48.1,2.2526302
376,27051,43.798985,44.1,2.845064
377,55083,48.30785,47.5,3.6940312
378,18081,61.79282,66.4,2.6404717
379,27173,46.602715,49.1,2.7066145
380,19149,59.245216,60.1,2.1702313
381,17055,53.54793,50.1,2.706651
382,27087,42.651783,39.6,2.7786481
383,17021,68.937706,67.1,2.702209
384,55119,42.418102,45.8,4.2488837
385,20027,25.644928,21.8,3.2075984
386,31153,51.67567,45.7,3.3082328
388,26055,38.345264,41.1,4.012102
389,17027,57.94885,49.4,2.495872
390,18153,61.316044,66.1,2.7222161
391,26091,55.165333,54.6,2.211493
392,17063,62.47477,60.6,2.1910517
393,39027,62.443577,63.2,2.208406
394,20125,22.955769,18.1,2.9272153
395,20035,20.092175,13.0,3.5711055
396,46109,45.66477,42.0,2.838791
397,29033,51.395527,46.8,2.8000574
398,38021,41.447353,43.9,2.664067
399,17099,63.336376,64.8,2.102904
400,29103,49.681866,50.6,2.5922773
401,19037,54.802876,52.0,2.0562048
402,17135,65.13555,64.9,2.6547754
403,39125,56.11143,54.9,2.3209307
404,20133,34.453144,27.1,3.2349844
405,29225,48.697853,54.4,4.1073895
406,18005,60.50702,61.7,2.2771943
407,19009,57.053093,53.6,2.3483996
408,27037,49.756493,49.5,3.4272504
409,38093,39.51405,38.0,2.283426
410,39161,61.4173,57.3,1.9667217
411,55069,36.618214,39.4,4.8793354
412,20169,15.727112,13.8,3.4737577
413,18075,61.023342,59.6,2.1266851
414,27167,39.356678,34.7,2.930107
415,18041,61.681396,62.7,2.2730448
416,26005,50.696117,43.9,2.8356814
417,19079,61.614033,62.2,2.090372
418,29175,50.03157,45.9,2.9151397
419,19045,57.585476,58.8,2.2067084
420,27009,38.66817,39.3,4.3717084
421,17173,64.76323,63.2,2.8237414
422,55041,35.15181,28.8,4.7888036
423,20205,27.282286,22.6,3.1702962
424,18111,62.00417,63.1,2.1419454
425,27139,50.705723,53.5,2.9345553
427,27045,53.227413,49.3,2.1482873
428,55077,42.11099,42.5,3.0724323
429,18083,61.65643,65.4,2.7311602
430,31119,55.00903,46.1,2.4296646
432,26077,53.320766,50.0,2.7401097
433,19151,60.345757,62.0,2.004645
434,17049,62.038593,59.3,2.723852
435,27081,44.67231,46.1,2.843536
436,17023,64.380394,63.3,3.3118114
437,55113,36.219105,41.7,4.8962636
438,20021,34.20724,30.0,3.2603345
439,18119,60.608414,54.9,2.7484324
440,31155,55.142254,48.2,2.7923052
441,26049,49.56474,43.9,2.5082016
442,19187,59.983597,60.0,2.1299589
443,17085,56.609295,55.2,2.368528
444,27117,42.970097,43.8,3.238871
445,18155,54.105415,52.4,3.571249
446,17057,61.76846,63.0,2.5702593
447,46035,41.13108,38.4,2.8045523
448,39055,49.37135,49.2,4.17171
449,39021,61.36775,60.4,2.1812916
450,20127,16.774332,15.0,3.4736738
451,29061,53.58595,41.3,2.9565952
452,17093,61.941685,61.3,2.119126
453,39091,59.227688,56.0,2.186314
454,55025,52.79068,58.2,2.8408453
455,20099,28.407318,20.4,3.0591168
456,29097,36.51237,40.7,3.2341392
457,46083,46.991062,42.0,2.8726015
458,38059,35.84735,36.2,3.2440622
459,17129,65.31277,67.2,2.5826933
460,29227,53.353592,50.3,2.9330173
461,18007,64.10891,66.6,2.09317
462,19101,59.597797,57.9,2.6137915
463,29133,55.65924,60.2,3.2918973
464,19011,57.211376,54.0,2.280336
465,27039,52.91725,51.1,2.0699084
466,38095,28.117304,22.2,2.9783955
467,27005,42.324883,38.6,2.7372344
468,39163,55.948055,55.3,3.5904646
469,55071,51.784794,55.4,2.9771507
470,18069,62.05858,58.6,2.2090473
471,27161,58.177574,60.7,1.9411707
473,31015,41.362637,44.6,3.6205404
474,26007,40.380062,34.3,3.69826
475,19073,62.464466,60.7,2.1149626
476,19047,55.095547,53.6,2.3648262
477,27011,47.49074,49.7,2.5605733
478,17175,67.513596,71.7,2.0450702
479,26129,46.53902,44.0,2.9567766
480,55043,55.250317,64.7,2.4837348
481,20207,23.76918,14.9,3.2867248
482,18105,56.370037,52.8,3.2753181
483,27047,54.599693,50.1,1.9310848
484,55079,45.69955,57.7,4.26585
485,18141,58.983692,53.3,2.4152927
486,31113,51.52261,59.2,3.1491718
487,27169,52.97674,51.4,2.2992146
489,31087,25.166231,47.5,4.2857976
490,19145,61.605854,57.2,2.571216
491,17051,59.037796,56.0,2.55699
492,17017,65.89398,60.7,2.7627358
493,39173,58.35651,65.1,2.3586574
494,55115,47.472355,49.2,3.4715438
495,18113,57.355457,52.0,2.397977
496,31149,49.418118,60.8,2.8691564
498,26051,47.467934,44.4,2.850103
499,19181,55.83813,57.9,2.6923914
500,29021,59.021824,53.7,2.9058435
501,27119,40.206852,41.9,3.222311
502,20059,28.73794,26.3,3.4753373
503,18149,54.93844,50.3,2.5987535
504,31185,57.656307,59.4,2.690896
505,26087,48.652996,42.0,2.428006
506,38045,44.388462,41.5,2.2487607
507,46029,43.071926,42.6,3.2172823
508,39049,53.037952,55.1,2.76535
509,39023,60.055225,57.4,2.2615275
510,20121,32.419815,28.6,3.71932
512,29063,55.703403,60.5,2.9461508
513,38017,43.767925,40.8,2.1427238
514,17095,65.550354,64.1,2.2381024
515,46065,35.831112,40.4,3.447854
516,55027,55.516483,60.1,2.6165354
517,20157,27.25184,21.2,3.2851841
518,29185,25.105274,20.1,3.5980024
520,31001,58.49248,62.0,2.8179224
521,38053,19.173658,23.5,4.312531
522,17131,65.54384,65.1,2.3419368
524,18001,60.80191,58.4,2.1409883
525,31037,55.724327,44.1,2.5651953
526,19103,56.655125,56.5,2.2942352
527,29135,42.55325,37.6,3.1976953
528,19069,60.627357,59.4,2.1691852
529,27033,51.536022,54.8,2.1779828
530,27007,37.172024,34.4,4.397861
531,39157,52.039585,57.0,2.8105826
532,55065,57.48131,63.2,2.2894459
533,27163,46.226173,51.4,4.031258
535,19075,61.654366,64.1,2.088741
536,29171,49.31455,48.8,2.8637156
537,19041,59.309,62.1,1.8684765
538,27069,38.555984,40.0,3.784596
539,17169,59.934605,60.4,2.6942782
540,55101,51.552708,54.6,2.7997239
541,20201,28.940798,25.9,3.4877617
542,19111,62.690784,66.1,2.7886858
543,55073,40.955708,45.0,3.900651
544,18143,58.16396,54.3,2.5726056
545,27171,48.365852,54.9,3.2197316
547,31081,60.607822,58.8,2.7292316
548,26073,50.560543,39.2,2.3801413
549,19147,59.12439,59.2,1.8619949
550,17045,68.90096,66.2,2.5637968
551,17019,65.86944,72.2,2.293369
552,39175,60.088764,58.7,2.053283
553,55109,48.40372,51.6,3.27691
554,20017,19.431023,21.1,3.830383
555,31151,44.687454,40.3,2.5448828
557,19183,59.716206,60.1,2.517881
558,17081,52.49047,48.5,2.6730556
559,20053,14.5203495,13.0,3.4172723
560,18151,54.14545,50.2,2.385313
561,29085,28.86696,31.6,3.787024
562,26081,50.41607,47.1,3.160986
563,38047,37.002647,39.1,2.9177492
564,17117,66.0672,63.7,2.804486
565,39051,58.52467,54.6,2.3099718
566,39017,52.841854,56.1,2.9653509
567,20123,13.380718,8.6,3.039079
568,20089,21.405605,23.5,3.4870782
570,29057,37.44161,37.4,3.2979078
571,29031,50.46414,49.4,3.0726147
572,38019,28.84657,23.7,3.1224234
573,17089,57.87874,60.8,2.3571904
574,46067,43.74638,40.9,2.7906892
575,55021,53.381634,58.9,2.68361
576,20159,18.519703,16.9,3.4825196
577,29187,47.544518,47.8,3.9688208
579,31003,60.39893,59.6,2.4544363
580,19035,61.302834,65.9,2.0663328
581,38055,30.717695,36.8,3.1978896
582,17125,61.226,68.1,2.8544288
583,39123,54.71628,55.6,2.4383287
584,18003,57.920986,56.3,2.313981
585,31039,53.820858,42.4,2.6585991
586,27035,26.772148,27.2,5.2920184
587,38091,41.01717,36.1,2.2444515
588,27001,32.528385,31.7,3.5151384
589,39159,58.43401,57.7,2.1659193
590,20167,15.014284,14.3,3.3321586
591,55067,39.346245,39.3,4.551432
592,18065,61.458477,61.0,2.2025926
593,18039,58.136738,53.1,2.5460558
594,31011,57.3737,52.3,2.5495012
595,19133,54.86213,50.9,2.6910644
596,29165,54.25778,48.1,3.3048625
597,19043,57.528027,53.6,2.205344
598,27071,36.198193,32.7,5.1133037
599,17171,64.27542,61.8,2.7808495
600,26125,46.305004,43.2,3.6928353
601,55103,44.688587,45.3,2.9600475
602,18101,61.2475,60.3,3.490103
604,31047,60.50363,63.6,2.8359232
605,19105,54.75748,54.5,2.1817582
606,26161,49.418343,52.5,2.430064
607,29186,48.882965,52.9,3.439737
608,55075,47.135784,47.1,3.8939447
609,18137,55.972603,51.7,2.3934433
610,31109,45.450336,39.9,2.9270833
612,31083,48.927734,53.2,2.8503046
613,26075,49.185345,43.5,2.5303552
614,19141,62.98517,65.4,1.8959252
615,17047,57.274128,55.7,2.705008
616,27079,53.656597,57.6,2.406925
617,17013,59.28463,59.7,3.157021
618,39169,55.513866,53.6,2.3017166
619,55111,46.516853,46.5,2.9040282
620,20019,18.950832,10.5,3.1271913
621,18173,57.76476,63.4,2.9308693
622,31145,43.168026,54.2,3.8402767
624,26111,52.78188,45.1,2.25131
625,19177,54.788647,59.3,2.7037303
626,17083,66.19225,64.0,2.885408
627,27115,35.854145,36.5,4.3039865
629,18145,61.669056,60.9,2.1430871
630,31181,37.552185,44.5,3.0606873
632,29087,64.718346,56.9,2.7231534
633,29053,45.627983,40.9,2.833995
634,17119,60.10297,55.9,2.8057568
635,46025,41.74761,45.6,2.9223611
636,38015,36.058807,38.4,2.9153256
637,39045,59.400146,59.2,2.198245
638,39019,47.121838,45.4,3.503001
639,20117,42.11616,37.2,2.999117
640,20091,32.765476,27.9,3.686333
641,29059,32.73145,29.0,4.3765616
642,46101,48.3995,49.9,2.727985
643,29025,48.174015,42.4,2.687097
644,38077,44.08476,40.9,2.4294238
645,17091,61.002117,60.8,2.1378014
646,46061,43.583485,43.3,2.817546
647,39081,51.97925,50.7,3.8832884
648,55023,47.268986,43.1,3.1518445
649,29095,45.915966,49.9,3.4718232
650,38049,29.04446,29.1,3.0426
651,17127,54.483994,50.3,2.9782774
652,39117,56.60328,57.1,2.1718488
653,20189,51.085995,56.7,5.2797318
654,29217,27.525301,23.8,3.1442623
655,19099,64.50456,63.8,2.5087533
656,29131,36.163677,42.0,4.109935
657,19065,55.46445,54.5,1.9735335
658,27029,39.6709,42.1,4.0514956
659,27003,33.65127,39.9,5.3593597
660,20161,28.18935,28.7,3.2148325
661,55061,50.7105,52.2,3.3365521
662,18067,66.20635,65.0,2.1918387
663,27159,37.800343,38.5,3.7571654
664,19135,51.551006,50.9,3.0414908
665,29167,33.182133,39.6,3.8367257
666,27065,36.93292,40.8,4.219254
667,17165,56.511044,55.3,2.966924
668,26127,43.1363,38.3,3.1363604
669,55097,41.77955,45.2,3.6035419
670,20197,29.556187,19.1,3.7138267
671,18103,61.52563,60.1,2.3441525
673,31041,50.77075,53.1,2.6358297
674,19107,62.211098,61.1,2.4807022
675,27101,48.732647,51.8,2.5651934
676,17201,54.24894,52.4,2.4615808
677,26163,43.673786,42.4,4.0520735
678,55133,46.540813,48.0,3.354031
679,18139,63.93794,63.5,2.0937278
680,31111,54.99321,70.7,3.205011
681,31077,53.309315,53.4,2.8189812
682,19143,57.910786,61.9,2.0629547
683,17041,68.64368,68.1,2.416511
684,27073,46.4066,50.5,2.7754028
685,17015,63.863216,70.4,2.2660391
686,55105,52.967308,54.0,2.525426
687,20013,60.619095,59.3,2.7509449
688,18175,60.187653,59.4,2.4231615
689,31147,58.636543,57.5,2.906896
691,26105,44.632812,45.4,2.9510624
692,19179,56.892895,61.7,2.5996084
693,29019,47.916367,43.3,2.8657665
694,27109,50.880016,50.0,2.4119463
695,55141,41.473118,43.3,3.82798
696,20049,14.656285,21.0,3.4806437
698,31183,55.546753,66.2,3.0192277
700,38043,36.503723,36.8,3.0422015
701,17113,66.43178,71.8,2.153058
702,46027,52.834976,47.9,2.4587498
703,38009,29.999378,27.9,3.0619082
704,39047,63.940777,60.3,2.1500342
705,20119,53.196735,61.6,4.161815
706,29211,44.57877,39.4,2.902238
707,20085,39.691994,40.8,3.2989836
709,29117,49.91953,43.5,2.7073371
710,29027,49.112667,45.7,2.9020267
711,38079,29.462898,24.8,3.1689796
712,17149,63.27456,59.9,3.0060918
713,39083,56.827187,55.6,2.1636977
714,20155,20.405338,27.8,3.6837404
715,29089,49.613327,47.4,2.9179091
716,19031,61.866177,62.2,2.14198
717,38051,37.737984,38.4,2.9325957
718,17121,60.331776,57.5,2.6069655
719,39119,55.59202,55.5,2.7817378
720,20191,18.549911,15.8,3.5921621
721,29219,51.776787,47.4,3.1020522
722,31035,55.819157,55.8,2.6895945
723,19093,58.64948,56.8,2.229808
724,19067,54.92835,52.8,2.0639725
725,38087,26.933931,41.1,3.4779568
726,39155,53.99576,54.0,3.0709026
727,55063,48.40476,44.0,3.0313544
728,18061,55.001385,54.8,2.6441
729,27153,38.306637,32.0,3.9865658
731,18035,60.805206,58.8,2.1958005
732,19129,58.983845,53.3,2.7975464
733,17167,66.10092,72.1,2.5829344
734,26121,48.386417,44.1,3.1743171
735,55099,38.458683,37.0,5.5321445
736,18097,51.007298,52.2,3.7379498
737,31133,47.41834,50.2,2.80982
739,31043,56.902546,52.7,2.6659908
740,19165,57.3641,53.3,2.4657857
741,27103,53.167362,55.1,2.155863
742,17203,65.13597,67.4,2.1408856
743,26157,54.310787,53.3,2.2182167
744,55135,44.14759,47.6,3.568773
745,18133,65.19461,67.7,2.2672544
747,31079,59.658253,62.9,2.7852354
748,19137,57.250626,54.6,2.6765745
749,46013,48.467857,48.4,2.6244125
750,17009,61.85834,62.4,2.7561755
751,39007,51.533985,46.3,2.9913857
752,55107,40.331913,43.8,4.5251493
753,20015,19.031864,12.1,3.3795016
754,18169,61.47787,60.0,2.2772808
755,31141,60.054287,56.8,2.6084375
757,26107,45.55294,40.8,3.375973
758,19173,58.18332,54.7,2.538367
759,29013,39.232777,36.9,3.0441468
760,17079,64.48759,61.7,2.653007
761,27111,41.330677,33.7,3.1359546
762,39069,58.892597,60.2,2.2519176
763,31177,50.554333,43.3,2.9009106
764,29083,36.54322,33.9,3.1048853
765,29049,57.548336,54.3,2.857275
766,46021,39.345142,44.5,2.8876565
767,38011,17.506235,34.0,3.8161414
768,39041,57.526917,58.3,2.217823
769,39015,56.980255,55.0,2.3790789
770,20113,17.327827,17.3,3.4372234
771,29205,48.71848,40.3,2.5991347
772,20087,47.2234,46.2,3.196776
774,46097,34.97065,38.1,3.0933263
775,38073,45.844543,41.0,2.2756937
776,46057,46.85358,50.9,2.8335497
777,39077,59.12276,55.8,2.1365557
778,55019,45.239487,46.7,3.61048
779,19025,58.54854,57.4,2.143536
780,17123,66.04672,68.8,2.1531637
781,39113,57.75616,57.7,2.6863925
782,31029,50.473057,56.3,3.4047487
783,19095,56.932293,58.2,2.4148364
784,29127,50.37073,52.7,2.6393647
785,19061,59.387367,57.0,2.283196
786,27025,37.1856,40.3,4.823139
787,38081,46.572422,43.7,2.2656236
788,39149,60.408905,57.4,2.07144
789,55057,43.323456,38.5,3.1421251
790,18063,63.322155,69.8,2.2660015
791,27155,46.411564,42.4,2.381581
793,18029,51.35428,50.8,3.0445838
794,31065,32.900646,42.3,3.8735116
795,19131,54.478683,46.9,1.9915189
796,29163,51.84064,49.0,2.84802
797,27061,32.602154,34.7,5.360229
798,17161,63.1002,63.5,2.5075634
799,26123,48.791046,43.5,3.4869723
800,55093,52.358547,53.9,3.1623874
801,18099,60.838017,53.9,2.2640533
802,27097,35.057137,38.2,4.4654803
803,17197,56.40157,57.7,2.4706059
804,26159,50.925243,43.3,3.003605
805,55129,35.66305,33.7,4.8082976
806,18135,62.473866,59.6,2.0473557
807,31073,52.579426,59.8,2.7863646
808,26065,52.962063,48.7,2.3416777
809,19139,60.66393,62.4,2.1584795
810,17037,61.529125,64.8,1.9977837
811,46015,37.43771,35.4,3.5484767
812,27133,53.7777,55.4,2.6033869
813,17011,64.74893,66.9,2.1984487
814,20009,20.599262,17.0,3.5673456
815,31143,54.278263,50.7,2.820475
817,19175,59.612953,59.9,2.5311267
818,29015,46.972404,46.8,2.9076667
819,17073,63.393444,65.2,2.1078415
